


INSERT INTO cat_builder (id, name) VALUES (1, 'EMPRESA 1');
INSERT INTO cat_builder (id, name) VALUES (2, 'EMPRESA 2');
INSERT INTO cat_builder (id, name) VALUES (3, 'EMPRESA 3');
INSERT INTO cat_builder (id, name) VALUES (4, 'EMPRESA 4');
INSERT INTO cat_builder (id, name) VALUES (5, 'EMPRESA 5');

INSERT INTO cat_campaign (id, name, start_date, end_date, active) VALUES (13, 'Campanya 2019/2020_I', '2019-11-01', '2019-12-31', true);
INSERT INTO cat_campaign (id, name, start_date, end_date, active) VALUES (14, 'Campanya 2019/2020_II', '2020-02-01', '2020-10-31', true);
INSERT INTO cat_campaign (id, name, start_date, end_date, active) VALUES (11, 'Campanya 2018/2019', '2019-05-11', '2019-06-30', true);

INSERT INTO cat_development (id, name, size_id, descript) VALUES (1, 'MOLT', 1, 'calibre < 50 cm i/o menys de 9 m d’alçada');
INSERT INTO cat_development (id, name, size_id, descript) VALUES (2, 'MOLT', 2, 'entre 50-70 cm i/o entre 9 i 12 m d’alçada');
INSERT INTO cat_development (id, name, size_id, descript) VALUES (3, 'MOLT', 3, 'entre 70-125 cm i/o entre 12 i 15 m d’alçada');
INSERT INTO cat_development (id, name, size_id, descript) VALUES (4, 'MOLT', 4, '> 125 cm i/o més de 15 m d’alçada');
INSERT INTO cat_development (id, name, size_id, descript) VALUES (5, 'MIG', 1, 'calibre < 35 cm');
INSERT INTO cat_development (id, name, size_id, descript) VALUES (6, 'MIG', 2, 'calibre entre 35 i 70 cm');
INSERT INTO cat_development (id, name, size_id, descript) VALUES (7, 'MIG', 3, 'calibre > 70 cm');
INSERT INTO cat_development (id, name, size_id, descript) VALUES (8, 'POC', 1, 'calibre < 30 cm');
INSERT INTO cat_development (id, name, size_id, descript) VALUES (9, 'POC', 2, 'calibre 30-50 cm');
INSERT INTO cat_development (id, name, size_id, descript) VALUES (10, 'POC', 3, 'calibre > 50 cm');
INSERT INTO cat_development (id, name, size_id, descript) VALUES (11, 'PALMERES', 1, 'menys de 9 m d’alçada');
INSERT INTO cat_development (id, name, size_id, descript) VALUES (14, 'PALMERES', 4, 'més de 15 m d’alçada');
INSERT INTO cat_development (id, name, size_id, descript) VALUES (13, 'PALMERES', 3, 'entre 12 i 15 m d’alçada');
INSERT INTO cat_development (id, name, size_id, descript) VALUES (12, 'PALMERES', 2, 'entre 9 i 12 m d’alçada');

INSERT INTO exploitation (expl_id, name, active) VALUES (1, 'EMPRESA 1', true);
INSERT INTO exploitation (expl_id, name, active) VALUES (5, 'EMPRESA 5', true);
INSERT INTO exploitation (expl_id, name, active) VALUES (4, 'EMPRESA 4', true);
INSERT INTO exploitation (expl_id, name, active) VALUES (3, 'EMPRESA 3', true);
INSERT INTO exploitation (expl_id, name, active) VALUES (2, 'EMPRESA 2', true);



INSERT INTO cat_location (id, street_name, location_type, street_name_old, street_name_concat, situation) VALUES (90256, 'CALDERI', 'RTDA', 'CALDERI', 'CALDERI, RTDA', 'Arbrat viari');
INSERT INTO cat_location (id, street_name, location_type, street_name_old, street_name_concat, situation) VALUES (90095, 'PAGESOS DE REMENÇA', 'PL', NULL, 'PAGESOS DE REMENÇA, PL', 'Parcs i places');
INSERT INTO cat_location (id, street_name, location_type, street_name_old, street_name_concat, situation) VALUES (90094, 'MATALASSERS', 'PL', 'MATALASSERS, PL DELS', 'MATALASSERS, PL', 'Parcs i places');
INSERT INTO cat_location (id, street_name, location_type, street_name_old, street_name_concat, situation) VALUES (90058, 'COMTE D''URGELL', 'C
', NULL, 'COMTE D''URGELL, C', 'Arbrat viari');
INSERT INTO cat_location (id, street_name, location_type, street_name_old, street_name_concat, situation) VALUES (90088, 'VÍMETS', 'C', NULL, 'VÍMETS, ', 'Arbrat viari');
INSERT INTO cat_location (id, street_name, location_type, street_name_old, street_name_concat, situation) VALUES (4, 'BOSC (ROTONDA)', 'PL', NULL, 'BOSC, ROTONDA', 'Parcs i places');
INSERT INTO cat_location (id, street_name, location_type, street_name_old, street_name_concat, situation) VALUES (289, 'ARTESANIA', 'PL', 'ARTESANIA, PL', 'ARTESANIA, PL', 'Parcs i places');
INSERT INTO cat_location (id, street_name, location_type, street_name_old, street_name_concat, situation) VALUES (293, 'FARINERA', 'JARD', 'FARINERA, JARDINS DE LA', 'FARINERA, JARD', 'Parcs i places');
INSERT INTO cat_location (id, street_name, location_type, street_name_old, street_name_concat, situation) VALUES (294, 'CAN MULA', 'PARC', 'CAN MULÀ, PARC DE', 'CAN MULA, PARC', 'Parcs i places');
INSERT INTO cat_location (id, street_name, location_type, street_name_old, street_name_concat, situation) VALUES (296, 'CA L''ESTRADA', 'PARC', 'CA LESTRADA, PARC DE', 'CA L''ESTRADA, PARC', 'Parcs i places');
INSERT INTO cat_location (id, street_name, location_type, street_name_old, street_name_concat, situation) VALUES (297, 'CAL MUSIC', 'PARC', 'CAL MUSIC, PARC DE', 'CAL MUSIC, PARC', 'Parcs i places');
INSERT INTO cat_location (id, street_name, location_type, street_name_old, street_name_concat, situation) VALUES (298, 'LLUIS COMPANYS', 'PARC', 'LLUÍS COMPANYS, PARC DE', 'LLUIS COMPANYS, PARC', 'Parcs i places');
INSERT INTO cat_location (id, street_name, location_type, street_name_old, street_name_concat, situation) VALUES (299, 'RAFAEL ALBERTI', 'PARC', 'RAFAEL ALBERTI, PARC DE', 'RAFAEL ALBERTI, PARC', 'Parcs i places');
INSERT INTO cat_location (id, street_name, location_type, street_name_old, street_name_concat, situation) VALUES (302, 'SALVADOR ALLENDE', 'PL', 'SALVADOR ALLENDE, PL DE', 'SALVADOR ALLENDE, PL', 'Parcs i places');
INSERT INTO cat_location (id, street_name, location_type, street_name_old, street_name_concat, situation) VALUES (303, 'PLANA LLEDO', 'PARC', 'PLANA LLEDÓ INTERIOR', 'PLANA LLEDO, PARC', 'Parcs i places');
INSERT INTO cat_location (id, street_name, location_type, street_name_old, street_name_concat, situation) VALUES (305, 'FEDERICO GARCIA LORCA', 'PL', 'FEDERICO GARCÍA LORCA, PL DE', 'FEDERICO GARCIA LORCA, PL', 'Parcs i places');
INSERT INTO cat_location (id, street_name, location_type, street_name_old, street_name_concat, situation) VALUES (306, 'JOSEP SOLÀ', 'PL', 'JOSEP SOLÀ, PL DE', 'JOSEP SOLÀ, PL', 'Parcs i places');
INSERT INTO cat_location (id, street_name, location_type, street_name_old, street_name_concat, situation) VALUES (309, 'GALLECS (ANTIGA CARRETERA BV-5154)', 'CAMI', 'Gallecs', 'GALLECS (ANTIGA CARRETERA BV-5154), CAMI', 'Arbrat viari');
INSERT INTO cat_location (id, street_name, location_type, street_name_old, street_name_concat, situation) VALUES (317, 'CAN VILA', 'CAMI', 'Can Vila, Camí de', 'CAN VILA, CAMI', 'Arbrat viari');
INSERT INTO cat_location (id, street_name, location_type, street_name_old, street_name_concat, situation) VALUES (318, 'PRUNERES', 'PLA', 'PRUNERES, PLA DE LES', 'PRUNERES, PLA', 'Parcs i places');
INSERT INTO cat_location (id, street_name, location_type, street_name_old, street_name_concat, situation) VALUES (90002, 'JOSEP MARIA FOLCH I TORRAS', 'C', 'JOSEP MARIA FOLCH I TORRAS, C DE', 'JOSEP MARIA FOLCH I TORRAS, C', 'Arbrat viari');
INSERT INTO cat_location (id, street_name, location_type, street_name_old, street_name_concat, situation) VALUES (90004, 'JUAN RAMÓN JIMÉNEZ', 'C', 'JUAN RAMÓN JIMÉNEZ, C DE', 'JUAN RAMÓN JIMÉNEZ, C', 'Arbrat viari');
INSERT INTO cat_location (id, street_name, location_type, street_name_old, street_name_concat, situation) VALUES (90006, 'CASILLA', 'C', 'CASILLA, C DE LA', 'CASILLA, C', 'Arbrat viari');
INSERT INTO cat_location (id, street_name, location_type, street_name_old, street_name_concat, situation) VALUES (90007, 'COURE', 'C', 'COURE, C DEL', 'COURE, C', 'Arbrat viari');
INSERT INTO cat_location (id, street_name, location_type, street_name_old, street_name_concat, situation) VALUES (90008, 'FRIEDICH WILHELM SERTÜNER', 'C', 'FRIEDICH WILHEIM SERTÜNER, C', 'FRIEDICH WILHELM SERTÜNER, C', 'Arbrat viari');
INSERT INTO cat_location (id, street_name, location_type, street_name_old, street_name_concat, situation) VALUES (90012, 'FACUNDO BACARDÍ I MASSÓ', 'C', 'FACUNDO BACARDÍ I MASSÓ, C DE', 'FACUNDO BACARDÍ I MASSÓ, C', 'Arbrat viari');
INSERT INTO cat_location (id, street_name, location_type, street_name_old, street_name_concat, situation) VALUES (90014, 'REC DE DALT', 'C', 'REC DE DALT, C DEL', 'REC DE DALT, C', 'Arbrat viari');
INSERT INTO cat_location (id, street_name, location_type, street_name_old, street_name_concat, situation) VALUES (90015, 'CAN PRAT', 'AV', 'CAN PRAT, AV DE', 'CAN PRAT, AV', 'Arbrat viari');
INSERT INTO cat_location (id, street_name, location_type, street_name_old, street_name_concat, situation) VALUES (90018, 'PINEDA FOSCA', 'C', 'PINEDA FOSCA, C DE LA', 'PINEDA FOSCA, C', 'Arbrat viari');
INSERT INTO cat_location (id, street_name, location_type, street_name_old, street_name_concat, situation) VALUES (90019, 'SANT RAMON', 'C', 'SANT RAMON, C DE', 'SANT RAMON, C', 'Arbrat viari');
INSERT INTO cat_location (id, street_name, location_type, street_name_old, street_name_concat, situation) VALUES (90020, 'PLANA', 'C', 'PLANA, C DE LA', 'PLANA, C', 'Arbrat viari');
INSERT INTO cat_location (id, street_name, location_type, street_name_old, street_name_concat, situation) VALUES (90021, 'FRANCESC MACIÀ', 'C', 'FRANCESC MACIÀ, C DE', 'FRANCESC MACIÀ, C', 'Arbrat viari');
INSERT INTO cat_location (id, street_name, location_type, street_name_old, street_name_concat, situation) VALUES (90022, 'ITÀLIA', 'C', 'ITÀLIA, C D''', 'ITÀLIA, C', 'Arbrat viari');
INSERT INTO cat_location (id, street_name, location_type, street_name_old, street_name_concat, situation) VALUES (90026, 'ALEXANDER FLEMING', 'C', 'DOCTOR ALEXANDER FLEMING, C', 'ALEXANDER FLEMING, C', 'Arbrat viari');
INSERT INTO cat_location (id, street_name, location_type, street_name_old, street_name_concat, situation) VALUES (90030, 'POMPEU FABRA', 'RBLA', 'POMPEU FABRA, RBLA DE', 'POMPEU FABRA, RBLA', 'Arbrat viari');
INSERT INTO cat_location (id, street_name, location_type, street_name_old, street_name_concat, situation) VALUES (90032, 'CAN MAGRE', 'C', 'CAN MAGRE, C DE', 'CAN MAGRE, C', 'Arbrat viari');
INSERT INTO cat_location (id, street_name, location_type, street_name_old, street_name_concat, situation) VALUES (90033, 'BARTOMEU ROBERT', 'C', 'BARTOMEU ROBERT, C', 'BARTOMEU ROBERT, C', 'Arbrat viari');
INSERT INTO cat_location (id, street_name, location_type, street_name_old, street_name_concat, situation) VALUES (90035, 'FIVELLER', 'RBLA', 'FIVELLER, RBLA DE', 'FIVELLER, RBLA', 'Arbrat viari');
INSERT INTO cat_location (id, street_name, location_type, street_name_old, street_name_concat, situation) VALUES (90036, 'PORTUGAL', 'C', 'PORTUGAL, C DE', 'PORTUGAL, C', 'Arbrat viari');
INSERT INTO cat_location (id, street_name, location_type, street_name_old, street_name_concat, situation) VALUES (90037, 'RAMON CASAS', 'C', 'RAMON CASAS, C DE', 'RAMON CASAS, C', 'Arbrat viari');
INSERT INTO cat_location (id, street_name, location_type, street_name_old, street_name_concat, situation) VALUES (90038, 'BALMES', 'RBLA', 'BALMES, RBLA DE', 'BALMES, RBLA', 'Arbrat viari');
INSERT INTO cat_location (id, street_name, location_type, street_name_old, street_name_concat, situation) VALUES (90042, 'GAIETÀ VENTALLÓ', 'C', 'GAIETÀ VENTALLÓ, C DE', 'GAIETÀ VENTALLÓ, C', 'Arbrat viari');
INSERT INTO cat_location (id, street_name, location_type, street_name_old, street_name_concat, situation) VALUES (90044, 'ORDIDORES', 'C', 'ORDIDORES, C DE LES', 'ORDIDORES, C', 'Arbrat viari');
INSERT INTO cat_location (id, street_name, location_type, street_name_old, street_name_concat, situation) VALUES (90047, 'CAN PANTIQUET', 'C', 'CAN PANTIQUET, C DE', 'CAN PANTIQUET, C', 'Arbrat viari');
INSERT INTO cat_location (id, street_name, location_type, street_name_old, street_name_concat, situation) VALUES (90048, 'RIERA', 'C', 'RIERA, C DE LA', 'RIERA, C', 'Arbrat viari');
INSERT INTO cat_location (id, street_name, location_type, street_name_old, street_name_concat, situation) VALUES (90049, 'CAN MOLLET', 'C', 'CAN MOLLET, C DE', 'CAN MOLLET, C', 'Arbrat viari');
INSERT INTO cat_location (id, street_name, location_type, street_name_old, street_name_concat, situation) VALUES (90051, 'RABASSAIRES', 'AV', 'RABASSAIRES, AV DELS', 'RABASSAIRES, AV', 'Arbrat viari');
INSERT INTO cat_location (id, street_name, location_type, street_name_old, street_name_concat, situation) VALUES (90059, 'JOAQUIM MIR', 'C', 'JOAQUIM MIR, C DE', 'JOAQUIM MIR, C', 'Arbrat viari');
INSERT INTO cat_location (id, street_name, location_type, street_name_old, street_name_concat, situation) VALUES (90060, 'NOVA', 'RBLA', 'NOVA, RBLA', 'NOVA, RBLA', 'Arbrat viari');
INSERT INTO cat_location (id, street_name, location_type, street_name_old, street_name_concat, situation) VALUES (90062, 'FÈLIX FERRAN', 'C', 'FÈLIX FERRAN, C DE', 'FÈLIX FERRAN, C', 'Arbrat viari');
INSERT INTO cat_location (id, street_name, location_type, street_name_old, street_name_concat, situation) VALUES (90068, 'RONDA', 'VIA', 'RONDA, VIA DE', 'RONDA, VIA', 'Arbrat viari');
INSERT INTO cat_location (id, street_name, location_type, street_name_old, street_name_concat, situation) VALUES (90070, 'ANTÒNIA CANET', 'C', 'ANTÒNIA CANET, C D''', 'ANTÒNIA CANET, C', 'Arbrat viari');
INSERT INTO cat_location (id, street_name, location_type, street_name_old, street_name_concat, situation) VALUES (90071, 'SANT ANTONI', 'C', 'SANT ANTONI, C', 'SANT ANTONI, C', 'Arbrat viari');
INSERT INTO cat_location (id, street_name, location_type, street_name_old, street_name_concat, situation) VALUES (90080, 'RONDA', 'PG', 'RONDA, PG DE LA', 'RONDA, PG', 'Arbrat viari');
INSERT INTO cat_location (id, street_name, location_type, street_name_old, street_name_concat, situation) VALUES (90083, 'CONGOST', 'C', 'CONGOST, C DEL', 'CONGOST, C', 'Arbrat viari');
INSERT INTO cat_location (id, street_name, location_type, street_name_old, street_name_concat, situation) VALUES (90084, 'OCTAVE LECANTE', 'C', 'OCTAVE LECANTE, C D''', 'OCTAVE LECANTE, C', 'Arbrat viari');
INSERT INTO cat_location (id, street_name, location_type, street_name_old, street_name_concat, situation) VALUES (90085, 'CLAUDI ARAÑÓ I ARAÑÓ', 'C', 'CLAUDI ARAÑÓ I ARAÑÓ, C DE', 'CLAUDI ARAÑÓ I ARAÑÓ, C', 'Arbrat viari');
INSERT INTO cat_location (id, street_name, location_type, street_name_old, street_name_concat, situation) VALUES (90086, 'MOLÍ DE CAN BASSA', 'C', 'MOLÍ DE CAN BASSA, C DEL', 'MOLÍ DE CAN BASSA, C', 'Arbrat viari');
INSERT INTO cat_location (id, street_name, location_type, street_name_old, street_name_concat, situation) VALUES (90087, 'CAN MAGAROLA', 'AV', 'CAN MAGAROLA, AV DE', 'CAN MAGAROLA, AV', 'Arbrat viari');
INSERT INTO cat_location (id, street_name, location_type, street_name_old, street_name_concat, situation) VALUES (90089, 'LLAGOSTA', 'C', 'LLAGOSTA, C DE LA', 'LLAGOSTA, C', 'Arbrat viari');
INSERT INTO cat_location (id, street_name, location_type, street_name_old, street_name_concat, situation) VALUES (90090, 'BUGADERES', 'C', 'BUGADERES, C DE LES', 'BUGADERES, C', 'Arbrat viari');
INSERT INTO cat_location (id, street_name, location_type, street_name_old, street_name_concat, situation) VALUES (90091, 'PUNTAIRES', 'C', 'PUNTAIRES, C DE LES', 'PUNTAIRES, C', 'Arbrat viari');
INSERT INTO cat_location (id, street_name, location_type, street_name_old, street_name_concat, situation) VALUES (90092, 'MESTRES D''OBRA', 'PL', 'MESTRES D''OBRA, PL DELS', 'MESTRES D''OBRA, PL', 'Parcs i places');
INSERT INTO cat_location (id, street_name, location_type, street_name_old, street_name_concat, situation) VALUES (90093, 'FERRERS', 'PL', 'FRANCESC FERRER I GUÀRDIA', 'FERRERS, PL', 'Parcs i places');
INSERT INTO cat_location (id, street_name, location_type, street_name_old, street_name_concat, situation) VALUES (90096, 'MARMANYERES', 'PL', 'MARMANYERES, PL DE LES', 'MARMANYERES, PL', 'Parcs i places');
INSERT INTO cat_location (id, street_name, location_type, street_name_old, street_name_concat, situation) VALUES (90097, 'BOTERS', 'PL', 'BOTERS, PL DELS', 'BOTERS, PL', 'Parcs i places');
INSERT INTO cat_location (id, street_name, location_type, street_name_old, street_name_concat, situation) VALUES (90098, 'RAMADERS', 'PL', 'RAMADERS, PL DELS', 'RAMADERS, PL', 'Parcs i places');
INSERT INTO cat_location (id, street_name, location_type, street_name_old, street_name_concat, situation) VALUES (90099, 'PELLAIRES', 'PL', 'PELLAIRES, PL DELS', 'PELLAIRES, PL', 'Parcs i places');
INSERT INTO cat_location (id, street_name, location_type, street_name_old, street_name_concat, situation) VALUES (90101, 'MASOVERS', 'PL', 'MASOVERS, PL DELS', 'MASOVERS, PL', 'Parcs i places');
INSERT INTO cat_location (id, street_name, location_type, street_name_old, street_name_concat, situation) VALUES (90102, 'CISTELLERS', 'PL', 'CISTELLERS, PL DELS', 'CISTELLERS, PL', 'Parcs i places');
INSERT INTO cat_location (id, street_name, location_type, street_name_old, street_name_concat, situation) VALUES (90104, 'BRODADORES', 'C', 'BRODADORES, C DE LES', 'BRODADORES, C', 'Arbrat viari');
INSERT INTO cat_location (id, street_name, location_type, street_name_old, street_name_concat, situation) VALUES (90105, 'NUADORES', 'C', 'NUADORES, C DE LES', 'NUADORES, C', 'Arbrat viari');
INSERT INTO cat_location (id, street_name, location_type, street_name_old, street_name_concat, situation) VALUES (90108, 'CAN FÀBREGAS', 'RONDA', 'CAN FABREGAS, RDA', 'CAN FÀBREGAS, RONDA', 'Arbrat viari');
INSERT INTO cat_location (id, street_name, location_type, street_name_old, street_name_concat, situation) VALUES (90110, 'SANT VICENÇ', 'PL', 'SANT VICENÇ, PL DE', 'SANT VICENÇ, PL', 'Parcs i places');
INSERT INTO cat_location (id, street_name, location_type, street_name_old, street_name_concat, situation) VALUES (90113, 'MONGES', 'C', 'MONGES, C DE LES', 'MONGES, C', 'Arbrat viari');
INSERT INTO cat_location (id, street_name, location_type, street_name_old, street_name_concat, situation) VALUES (90115, 'CATALUNYA', 'PL', 'CATALUNYA, PL DE', 'CATALUNYA, PL', 'Parcs i places');
INSERT INTO cat_location (id, street_name, location_type, street_name_old, street_name_concat, situation) VALUES (90116, 'LLUÍS MILLET', 'C', 'LLUÍS MILLET, C DE', 'LLUÍS MILLET, C', 'Arbrat viari');
INSERT INTO cat_location (id, street_name, location_type, street_name_old, street_name_concat, situation) VALUES (90117, 'BOSC', 'C', 'BOSC, C DEL', 'BOSC, C', 'Arbrat viari');
INSERT INTO cat_location (id, street_name, location_type, street_name_old, street_name_concat, situation) VALUES (90103, 'MERCADERS', 'PL', '', 'MERCADERS, PL', 'Parcs i places');
INSERT INTO cat_location (id, street_name, location_type, street_name_old, street_name_concat, situation) VALUES (295, 'CAN BORRELL (PARC)', 'PARC', NULL, 'CAN BORRELL, PARC', 'Parcs i places');
INSERT INTO cat_location (id, street_name, location_type, street_name_old, street_name_concat, situation) VALUES (90039, 'ANSELM CLAVÉ', 'C', 'ANSELM CLAVÉ, C D''', 'ANSELM CLAVÉ, C', 'Arbrat viari');
INSERT INTO cat_location (id, street_name, location_type, street_name_old, street_name_concat, situation) VALUES (90111, 'MADRID', 'C', 'MADRID, C DE', 'MADRID, C', 'Arbrat viari');
INSERT INTO cat_location (id, street_name, location_type, street_name_old, street_name_concat, situation) VALUES (90118, 'PABLO PICASSO', 'C', 'PABLO PICASSO, C DE', 'PABLO PICASSO, C', 'Arbrat viari');
INSERT INTO cat_location (id, street_name, location_type, street_name_old, street_name_concat, situation) VALUES (90119, 'GRANOLLERS', 'C', 'GRANOLLERS, C DE', 'GRANOLLERS, C', 'Arbrat viari');
INSERT INTO cat_location (id, street_name, location_type, street_name_old, street_name_concat, situation) VALUES (90120, 'HIPÓLIT LÁZARO', 'C', 'HIPÒLIT LAZARO, C D''', 'HIPÓLIT LÁZARO, C', 'Arbrat viari');
INSERT INTO cat_location (id, street_name, location_type, street_name_old, street_name_concat, situation) VALUES (90121, 'ENRIC ROSES', 'PL', 'ENRIC ROSÉS, PL D''', 'ENRIC ROSES, PL', 'Arbrat viari');
INSERT INTO cat_location (id, street_name, location_type, street_name_old, street_name_concat, situation) VALUES (90122, 'PADRON', 'PL', 'PADRÓ, PL DE', 'PADRON, PL', 'Arbrat viari');
INSERT INTO cat_location (id, street_name, location_type, street_name_old, street_name_concat, situation) VALUES (90124, 'AMICAL MAUTHASEN', 'PL', 'AMICAL MAUTHAUSEN, PL', 'AMICAL MAUTHASEN, PL', 'Parcs i places');
INSERT INTO cat_location (id, street_name, location_type, street_name_old, street_name_concat, situation) VALUES (90125, 'JOSEP TARRADELLAS', 'PL', 'JOSEP TARRADELLAS, PL DE', 'JOSEP TARRADELLAS, PL', 'Parcs i places');
INSERT INTO cat_location (id, street_name, location_type, street_name_old, street_name_concat, situation) VALUES (90127, 'SANT ROC', 'C', 'SANT ROC, C DE', 'SANT ROC, C', 'Arbrat viari');
INSERT INTO cat_location (id, street_name, location_type, street_name_old, street_name_concat, situation) VALUES (90128, 'CAN FLEQUER', 'C', 'CAN FLEQUER, C DE', 'CAN FLEQUER, C', 'Arbrat viari');
INSERT INTO cat_location (id, street_name, location_type, street_name_old, street_name_concat, situation) VALUES (90130, 'ANTONI GAUDÍ', 'AV', 'ANTONI GAUDÍ, AV D''', 'ANTONI GAUDÍ, AV', 'Arbrat viari');
INSERT INTO cat_location (id, street_name, location_type, street_name_old, street_name_concat, situation) VALUES (90131, 'ENRIC MORERA', 'C', 'ENRIC MORERA, C D''', 'ENRIC MORERA, C', 'Arbrat viari');
INSERT INTO cat_location (id, street_name, location_type, street_name_old, street_name_concat, situation) VALUES (90132, 'MARIA BLANCHARD', 'PL', 'MARIA BLANCHARD, PL DE', 'MARIA BLANCHARD, PL', 'Parcs i places');
INSERT INTO cat_location (id, street_name, location_type, street_name_old, street_name_concat, situation) VALUES (90134, 'EXTREMADURA', 'PL', 'EXTREMADURA, PL D''', 'EXTREMADURA, PL', 'Parcs i places');
INSERT INTO cat_location (id, street_name, location_type, street_name_old, street_name_concat, situation) VALUES (90135, 'FREDERIC ROS I SALLENT', 'PL', 'FREDERIC ROS SALLENT, PL DE', 'FREDERIC ROS I SALLENT, PL', 'Parcs i places');
INSERT INTO cat_location (id, street_name, location_type, street_name_old, street_name_concat, situation) VALUES (90140, 'GAIETÀ VÍNZIA', 'C', 'GAIETÀ VINZIA, C DE', 'GAIETÀ VÍNZIA, C', 'Arbrat viari');
INSERT INTO cat_location (id, street_name, location_type, street_name_old, street_name_concat, situation) VALUES (90149, 'JAUME I', 'AV', 'JAUME I, AV DE', 'JAUME I, AV', 'Arbrat viari');
INSERT INTO cat_location (id, street_name, location_type, street_name_old, street_name_concat, situation) VALUES (90150, 'POUAIRES', 'PTGE', 'POUAIRES, PTGE DELS', 'POUAIRES, PTGE', 'Arbrat viari');
INSERT INTO cat_location (id, street_name, location_type, street_name_old, street_name_concat, situation) VALUES (90154, 'PRAT DE LA RIBA', 'PL', 'PRAT DE LA RIBA, PL DE', 'PRAT DE LA RIBA, PL', 'Parcs i places');
INSERT INTO cat_location (id, street_name, location_type, street_name_old, street_name_concat, situation) VALUES (90156, 'CAN PACIÀ', 'C', 'CAN PACIÀ, C DE', 'CAN PACIÀ, C', 'Arbrat viari');
INSERT INTO cat_location (id, street_name, location_type, street_name_old, street_name_concat, situation) VALUES (90161, 'ESGLÉSIA', 'PL', 'ESGLÉSIA, PL DE L''', 'ESGLÉSIA, PL', 'Parcs i places');
INSERT INTO cat_location (id, street_name, location_type, street_name_old, street_name_concat, situation) VALUES (90162, 'BERENGUER III', 'C', 'BERENGUER III, C DE', 'BERENGUER III, C', 'Arbrat viari');
INSERT INTO cat_location (id, street_name, location_type, street_name_old, street_name_concat, situation) VALUES (90163, 'ANTONI SUÑÉ', 'PL', 'ANTONI SUÑÉ, PL D''', 'ANTONI SUÑÉ, PL', 'Parcs i places');
INSERT INTO cat_location (id, street_name, location_type, street_name_old, street_name_concat, situation) VALUES (90164, 'ÀNGEL GUIMERÀ', 'C', 'ÀNGEL GUIMERÀ, C D''', 'ÀNGEL GUIMERÀ, C', 'Arbrat viari');
INSERT INTO cat_location (id, street_name, location_type, street_name_old, street_name_concat, situation) VALUES (90166, 'CALDERÓ', 'AV', 'CALDERÓ, AV DE', 'CALDERÓ, AV', 'Arbrat viari');
INSERT INTO cat_location (id, street_name, location_type, street_name_old, street_name_concat, situation) VALUES (90167, 'LLIBERTAT', 'AV', 'LLIBERTAT, AV DE LA', 'LLIBERTAT, AV', 'Arbrat viari');
INSERT INTO cat_location (id, street_name, location_type, street_name_old, street_name_concat, situation) VALUES (90168, 'JOAN ABELLÓ', 'PL', 'JOAN ABELLÓ, PL DE', 'JOAN ABELLÓ, PL', 'Parcs i places');
INSERT INTO cat_location (id, street_name, location_type, street_name_old, street_name_concat, situation) VALUES (90170, 'MAJOR', 'PL', 'MAJOR, PL', 'MAJOR, PL', 'Parcs i places');
INSERT INTO cat_location (id, street_name, location_type, street_name_old, street_name_concat, situation) VALUES (90171, 'LLUÍS DURAN', 'C', 'LLUÍS DURAN, C DE', 'LLUÍS DURAN, C', 'Arbrat viari');
INSERT INTO cat_location (id, street_name, location_type, street_name_old, street_name_concat, situation) VALUES (90172, 'BURGOS', 'AV', 'BURGOS, AV DE', 'BURGOS, AV', 'Arbrat viari');
INSERT INTO cat_location (id, street_name, location_type, street_name_old, street_name_concat, situation) VALUES (90174, 'PAU CASALS', 'PL', 'PAU CASALS, PL DE', 'PAU CASALS, PL', 'Parcs i places');
INSERT INTO cat_location (id, street_name, location_type, street_name_old, street_name_concat, situation) VALUES (90175, 'NACIONS UNIDES', 'PL', 'NACIONS UNIDES, PL DE LES', 'NACIONS UNIDES, PL', 'Parcs i places');
INSERT INTO cat_location (id, street_name, location_type, street_name_old, street_name_concat, situation) VALUES (90176, 'GANIVETA', 'PL', 'GANIVETA, PL DE LA', 'GANIVETA, PL', 'Parcs i places');
INSERT INTO cat_location (id, street_name, location_type, street_name_old, street_name_concat, situation) VALUES (90177, 'CONSTITUCIÓ', 'PL', 'CONSTITUCIÓ, PL DE LA', 'CONSTITUCIÓ, PL', 'Parcs i places');
INSERT INTO cat_location (id, street_name, location_type, street_name_old, street_name_concat, situation) VALUES (90178, 'NELSON MANDELA', 'PL', 'NELSON MANDELA, PL', 'NELSON MANDELA, PL', 'Parcs i places');
INSERT INTO cat_location (id, street_name, location_type, street_name_old, street_name_concat, situation) VALUES (90179, 'BADALONA', 'AV', 'BADALONA, AV', 'BADALONA, AV', 'Arbrat viari');
INSERT INTO cat_location (id, street_name, location_type, street_name_old, street_name_concat, situation) VALUES (90180, 'JOSEP IRLA', 'PL', 'JOSEP IRLA, PL DE', 'JOSEP IRLA, PL', 'Parcs i places');
INSERT INTO cat_location (id, street_name, location_type, street_name_old, street_name_concat, situation) VALUES (90186, 'JOAN MARAGALL', 'C', 'JOAN MARAGALL, C DE', 'JOAN MARAGALL, C', 'Arbrat viari');
INSERT INTO cat_location (id, street_name, location_type, street_name_old, street_name_concat, situation) VALUES (90187, 'ESTACIO DEL NORD', 'PL', 'ESTACIÓ DEL NORD, PL DE L''', 'ESTACIO DEL NORD, PL', 'Parcs i places');
INSERT INTO cat_location (id, street_name, location_type, street_name_old, street_name_concat, situation) VALUES (90191, 'ONZE DE SETEMBRE', 'C', 'ONZE DE SETEMBRE, C DE L''', 'ONZE DE SETEMBRE, C', 'Arbrat viari');
INSERT INTO cat_location (id, street_name, location_type, street_name_old, street_name_concat, situation) VALUES (90198, 'RIVOLI', 'AV', 'RIVOLI, AV DE', 'RIVOLI, AV', 'Arbrat viari');
INSERT INTO cat_location (id, street_name, location_type, street_name_old, street_name_concat, situation) VALUES (90199, 'CESC BAS', 'PG', 'CESC BAS, PG DE', 'CESC BAS, PG', 'Arbrat viari');
INSERT INTO cat_location (id, street_name, location_type, street_name_old, street_name_concat, situation) VALUES (90200, 'ARCADI VIÑAS', 'C', 'ARCADI VIÑAS, C D''', 'ARCADI VIÑAS, C', 'Arbrat viari');
INSERT INTO cat_location (id, street_name, location_type, street_name_old, street_name_concat, situation) VALUES (90201, 'GALLECS', 'C', 'GALLECS, C DE', 'GALLECS, C', 'Arbrat viari');
INSERT INTO cat_location (id, street_name, location_type, street_name_old, street_name_concat, situation) VALUES (90202, 'JAUME COLL', 'C', 'JAUME COLL, C DE', 'JAUME COLL, C', 'Arbrat viari');
INSERT INTO cat_location (id, street_name, location_type, street_name_old, street_name_concat, situation) VALUES (90203, 'CALDES DE MONTBUI', 'AV', 'CALDES DE MONTBUÍ, AV DE', 'CALDES DE MONTBUI, AV', 'Arbrat viari');
INSERT INTO cat_location (id, street_name, location_type, street_name_old, street_name_concat, situation) VALUES (90204, 'PALMERA', 'PL', 'PALMERA, PL. DE LA', 'PALMERA, PL', 'Parcs i places');
INSERT INTO cat_location (id, street_name, location_type, street_name_old, street_name_concat, situation) VALUES (90205, 'ROSA SENSAT', 'PL', 'ROSA SENSAT, PL DE', 'ROSA SENSAT, PL', 'Parcs i places');
INSERT INTO cat_location (id, street_name, location_type, street_name_old, street_name_concat, situation) VALUES (90206, 'DOLORS IBARRURI', 'PL', 'DOLORES IBÁRRURI, PL DE', 'DOLORS IBARRURI, PL', 'Parcs i places');
INSERT INTO cat_location (id, street_name, location_type, street_name_old, street_name_concat, situation) VALUES (90207, 'FREDERICA MONTSENY', 'PL', 'FREDERICA MONTSENY, PL DE', 'FREDERICA MONTSENY, PL', 'Parcs i places');
INSERT INTO cat_location (id, street_name, location_type, street_name_old, street_name_concat, situation) VALUES (90208, 'LLUNA', 'PL', 'LLUNA, PL DE LA', 'LLUNA, PL', 'Parcs i places');
INSERT INTO cat_location (id, street_name, location_type, street_name_old, street_name_concat, situation) VALUES (90209, 'FRANCESC FERRER I GUÀRDIA', 'C', 'FRANCESC FERRER I GUÀRDIA, C DE', 'FRANCESC FERRER I GUÀRDIA, C', 'Arbrat viari');
INSERT INTO cat_location (id, street_name, location_type, street_name_old, street_name_concat, situation) VALUES (90210, 'NICARAGUA', 'C', 'NICARAGUA, C DE', 'NICARAGUA, C', 'Arbrat viari');
INSERT INTO cat_location (id, street_name, location_type, street_name_old, street_name_concat, situation) VALUES (90211, 'FRANCESC LAYRET', 'C', 'FRANCESC LAYRET, C DE', 'FRANCESC LAYRET, C', 'Arbrat viari');
INSERT INTO cat_location (id, street_name, location_type, street_name_old, street_name_concat, situation) VALUES (90212, 'JOAN AMBRÓS I LLOREDA', 'C', 'JOAN AMBROS I LLOREDA, C DE', 'JOAN AMBRÓS I LLOREDA, C', 'Arbrat viari');
INSERT INTO cat_location (id, street_name, location_type, street_name_old, street_name_concat, situation) VALUES (90213, 'SALVADOR ESPRIU', 'C', 'SALVADOR ESPRIU, C DE', 'SALVADOR ESPRIU, C', 'Arbrat viari');
INSERT INTO cat_location (id, street_name, location_type, street_name_old, street_name_concat, situation) VALUES (90215, 'PINETONS', 'RONDA', 'PINETONS, RDA DELS', 'PINETONS, RONDA', 'Arbrat viari');
INSERT INTO cat_location (id, street_name, location_type, street_name_old, street_name_concat, situation) VALUES (90216, 'FARINERA', 'RONDA', 'Farinera, Ronda de la', 'FARINERA, RONDA', 'Arbrat viari');
INSERT INTO cat_location (id, street_name, location_type, street_name_old, street_name_concat, situation) VALUES (90217, 'AGRICULTURA', 'C', 'AGRICULTURA, C D''', 'AGRICULTURA, C', 'Arbrat viari');
INSERT INTO cat_location (id, street_name, location_type, street_name_old, street_name_concat, situation) VALUES (90218, 'MONTSERRAT ROIG', 'PL', 'MONTSERRAT ROIG, PL DE', 'MONTSERRAT ROIG, PL', 'Parcs i places');
INSERT INTO cat_location (id, street_name, location_type, street_name_old, street_name_concat, situation) VALUES (90219, 'MARIA AURELIA CAMPMANY', 'PL', 'MARIA AURÈLIA CAPMANY, PL DE', 'MARIA AURELIA CAMPMANY, PL', 'Parcs i places');
INSERT INTO cat_location (id, street_name, location_type, street_name_old, street_name_concat, situation) VALUES (90220, 'SABADELL', 'C', 'SABADELL, C DE', 'SABADELL, C', 'Arbrat viari');
INSERT INTO cat_location (id, street_name, location_type, street_name_old, street_name_concat, situation) VALUES (90221, 'PARC', 'AV', 'PARC, AV DEL', 'PARC, AV', 'Arbrat viari');
INSERT INTO cat_location (id, street_name, location_type, street_name_old, street_name_concat, situation) VALUES (90222, 'PAU VILA', 'C', 'PAU VILA, C DE', 'PAU VILA, C', 'Arbrat viari');
INSERT INTO cat_location (id, street_name, location_type, street_name_old, street_name_concat, situation) VALUES (90229, 'FERROCARRIL', 'C', 'FERROCARRIL, C DEL', 'FERROCARRIL, C', 'Arbrat viari');
INSERT INTO cat_location (id, street_name, location_type, street_name_old, street_name_concat, situation) VALUES (90230, 'SANT ANDREU', 'C', 'SANT ANDREU, C DE', 'SANT ANDREU, C', 'Arbrat viari');
INSERT INTO cat_location (id, street_name, location_type, street_name_old, street_name_concat, situation) VALUES (90139, 'MERCÈ RODOREDA', 'PL', '', 'MERCÈ RODOREDA, PL', 'Parcs i places');
INSERT INTO cat_location (id, street_name, location_type, street_name_old, street_name_concat, situation) VALUES (6, 'CALDES, INTERIOR ILLA', 'PATI INTERIOR', NULL, 'CALDES, INTERIOR ILLA', 'Parcs i places');
INSERT INTO cat_location (id, street_name, location_type, street_name_old, street_name_concat, situation) VALUES (7, 'COLÓN, INTERIOR ILLA', 'PATI INTERIOR', NULL, 'COLÓN, INTERIOR ILLA', 'Parcs i places');
INSERT INTO cat_location (id, street_name, location_type, street_name_old, street_name_concat, situation) VALUES (5, 'BORRELL, INTERIOR ILLA', 'PATI INTERIOR', NULL, 'BORRELL, INTERIOR ILLA', 'Parcs i places');
INSERT INTO cat_location (id, street_name, location_type, street_name_old, street_name_concat, situation) VALUES (90226, 'MAGALLANES, INTERIOR ILLA', 'PATI INTERIOR', 'MAGALLANES, PATI INTERIOR D''ILLA', 'MAGALLANES, INTERIOR ILLA', 'Parcs i places');
INSERT INTO cat_location (id, street_name, location_type, street_name_old, street_name_concat, situation) VALUES (90197, 'CAN BORRELL (ROTONDA)', 'RTDA', 'CAN BORRELL, RTDA DE', 'CAN BORRELL, RTDA', 'Arbrat viari');
INSERT INTO cat_location (id, street_name, location_type, street_name_old, street_name_concat, situation) VALUES (90043, 'CARME', 'C', 'CARME', 'CARME, C', 'Arbrat viari');
INSERT INTO cat_location (id, street_name, location_type, street_name_old, street_name_concat, situation) VALUES (90045, 'PERE RAMON', 'C', 'PERE RAMON', 'PERE RAMON, C', 'Arbrat viari');
INSERT INTO cat_location (id, street_name, location_type, street_name_old, street_name_concat, situation) VALUES (100129, 'FRIEDICH WILHELM SERTÜNER (ZONA VERDA)', 'ZONA VERDA', NULL, 'FRIEDICH WILHELM SERTÜNER (ZONA VERDA)', 'Parcs i places');
INSERT INTO cat_location (id, street_name, location_type, street_name_old, street_name_concat, situation) VALUES (90137, 'CASTELAO', 'C', 'CASTELAO', 'CASTELAO, C', 'Arbrat viari');
INSERT INTO cat_location (id, street_name, location_type, street_name_old, street_name_concat, situation) VALUES (90057, 'SANT LLORENÇ', 'C', NULL, 'SANT LLORENÇ, C', 'Arbrat viari');
INSERT INTO cat_location (id, street_name, location_type, street_name_old, street_name_concat, situation) VALUES (90165, 'JACINT VERDAGUER', 'C', NULL, 'JACINT VERDAGUER, C', 'Arbrat viari');
INSERT INTO cat_location (id, street_name, location_type, street_name_old, street_name_concat, situation) VALUES (90078, 'ZORRILLA', 'C', NULL, 'ZORRILLA, C', 'Arbrat viari');
INSERT INTO cat_location (id, street_name, location_type, street_name_old, street_name_concat, situation) VALUES (90055, 'VALLÈS', 'C', NULL, 'VALLÈS, C', 'Arbrat viari');
INSERT INTO cat_location (id, street_name, location_type, street_name_old, street_name_concat, situation) VALUES (100130, 'RAFAEL CASANOVA - Des de Via Ronda fins Rotonda Bombers', 'AV', NULL, 'RAFAEL CASANOVA - Des de Via Ronda fins Rotonda Bombers', 'Arbrat viari');
INSERT INTO cat_location (id, street_name, location_type, street_name_old, street_name_concat, situation) VALUES (9, 'CAN BORRELL (RIERA)', 'PARC', NULL, 'CAN BORRELL, RIERA', 'Parcs i places');
INSERT INTO cat_location (id, street_name, location_type, street_name_old, street_name_concat, situation) VALUES (288, 'COLORS', 'PARC', 'COLORS, PARC DELS', 'COLORS, PARC', 'Parcs i places');
INSERT INTO cat_location (id, street_name, location_type, street_name_old, street_name_concat, situation) VALUES (292, 'PINETONS', 'PARC', 'PINETONS, PARC', 'PINETONS, PARC', 'Parcs i places');
INSERT INTO cat_location (id, street_name, location_type, street_name_old, street_name_concat, situation) VALUES (100110, 'BOSC, ESCOLA DEL', 'CEIP', 'DEL BOSC, CEIP', 'BOSC, ESCOLA DEL', 'Equipaments');
INSERT INTO cat_location (id, street_name, location_type, street_name_old, street_name_concat, situation) VALUES (100108, 'CAN BORRELL (PLAÇA)', 'PL DE', 'CAN BORRELL, PL DE', 'CAN BORRELL, PL DE', 'Parcs i places');
INSERT INTO cat_location (id, street_name, location_type, street_name_old, street_name_concat, situation) VALUES (90017, 'UNIÓ', 'RBLA', 'UNIÓ, RBLA DE LA', 'UNIÓ, RBLA', 'Arbrat viari');
INSERT INTO cat_location (id, street_name, location_type, street_name_old, street_name_concat, situation) VALUES (90050, 'TEIXIDORES', 'AV', 'TEIXIDORES, AV DE LES', 'TEIXIDORES, AV', 'Arbrat viari');
INSERT INTO cat_location (id, street_name, location_type, street_name_old, street_name_concat, situation) VALUES (90061, 'SARAGOSSA', 'C', 'SARAGOSSA, C DE', 'SARAGOSSA, C', 'Arbrat viari');
INSERT INTO cat_location (id, street_name, location_type, street_name_old, street_name_concat, situation) VALUES (90100, 'TRAGINERS', 'PL', 'TRAGINERS, PL DELS', 'TRAGINERS, PL', 'Parcs i places');
INSERT INTO cat_location (id, street_name, location_type, street_name_old, street_name_concat, situation) VALUES (90109, 'VINYOTA', 'RTDA', 'VINYOTA, RTDA DE LA', 'VINYOTA, RTDA', 'Arbrat viari');
INSERT INTO cat_location (id, street_name, location_type, street_name_old, street_name_concat, situation) VALUES (90123, 'VICENÇ FONOLLEDA', 'C', 'VICENÇ FONOLLEDA, C DE', 'VICENÇ FONOLLEDA, C', 'Arbrat viari');
INSERT INTO cat_location (id, street_name, location_type, street_name_old, street_name_concat, situation) VALUES (90133, 'VOLUNTARIS OLÍMPICS I PARALÍMPICS', 'PL', 'VOLUNTARIS OLÍMPICS I PARALÍMPICS, PL', 'VOLUNTARIS OLÍMPICS I PARALÍMPICS, PL', 'Parcs i places');
INSERT INTO cat_location (id, street_name, location_type, street_name_old, street_name_concat, situation) VALUES (90231, 'SANTA BÀRBARA', 'C', 'SANTA BÀRBARA, C DE', 'SANTA BÀRBARA, C', 'Arbrat viari');
INSERT INTO cat_location (id, street_name, location_type, street_name_old, street_name_concat, situation) VALUES (90233, 'BORRELL', 'PTGE', 'BORRELL, PTGE DE', 'BORRELL, PTGE', 'Arbrat viari');
INSERT INTO cat_location (id, street_name, location_type, street_name_old, street_name_concat, situation) VALUES (90235, 'BORRELL', 'C', 'BORRELL, C DE', 'BORRELL, C', 'Arbrat viari');
INSERT INTO cat_location (id, street_name, location_type, street_name_old, street_name_concat, situation) VALUES (90236, 'JOAN MIRO', 'PL', 'JOAN MIRO, PL DE', 'JOAN MIRO, PL', 'Parcs i places');
INSERT INTO cat_location (id, street_name, location_type, street_name_old, street_name_concat, situation) VALUES (90238, 'ÁLVAREZ DE CASTRO', 'C', 'ÀLVAREZ DE CASTRO, C D''', 'ÁLVAREZ DE CASTRO, C', 'Arbrat viari');
INSERT INTO cat_location (id, street_name, location_type, street_name_old, street_name_concat, situation) VALUES (90239, 'PALAU-SOLITÀ I PLEGAMANS', 'C', 'PALAU-SOLITÀ I PLEGAMANS, C DE', 'PALAU-SOLITÀ I PLEGAMANS, C', 'Arbrat viari');
INSERT INTO cat_location (id, street_name, location_type, street_name_old, street_name_concat, situation) VALUES (90241, 'SANTA ROSA', 'C', 'SANTA ROSA, C DE', 'SANTA ROSA, C', 'Arbrat viari');
INSERT INTO cat_location (id, street_name, location_type, street_name_old, street_name_concat, situation) VALUES (90242, 'SANTA PERPÈTUA', 'C', 'SANTA PERPÈTUA, C DE', 'SANTA PERPÈTUA, C', 'Arbrat viari');
INSERT INTO cat_location (id, street_name, location_type, street_name_old, street_name_concat, situation) VALUES (90245, 'EMILI NINOU', 'C', 'EMILI NINOU, C D''', 'EMILI NINOU, C', 'Arbrat viari');
INSERT INTO cat_location (id, street_name, location_type, street_name_old, street_name_concat, situation) VALUES (90246, 'SANTIAGO TIFFON', 'C', 'SANTIAGO TIFFON, C DE', 'SANTIAGO TIFFON, C', 'Arbrat viari');
INSERT INTO cat_location (id, street_name, location_type, street_name_old, street_name_concat, situation) VALUES (90247, 'RAMÓN Y CAJAL', 'C', 'RAMÓN Y CAJAL, C DE', 'RAMÓN Y CAJAL, C', 'Arbrat viari');
INSERT INTO cat_location (id, street_name, location_type, street_name_old, street_name_concat, situation) VALUES (90248, 'SANT FRANCESC', 'C', 'SANT FRANCESC, C DE', 'SANT FRANCESC, C', 'Arbrat viari');
INSERT INTO cat_location (id, street_name, location_type, street_name_old, street_name_concat, situation) VALUES (90250, 'TRINITAT FALGUERA', 'C', 'TRINITAT FALGUERA, C DE', 'TRINITAT FALGUERA, C', 'Arbrat viari');
INSERT INTO cat_location (id, street_name, location_type, street_name_old, street_name_concat, situation) VALUES (90251, 'ARTUR BARRES', 'PTGE', 'ARTUR BARRES, PG D''', 'ARTUR BARRES, PTGE', 'Arbrat viari');
INSERT INTO cat_location (id, street_name, location_type, street_name_old, street_name_concat, situation) VALUES (90253, 'METAL·LÚRGIA', 'C', 'METAL·LÚRGIA, C DE LA', 'METAL·LÚRGIA, C', 'Arbrat viari');
INSERT INTO cat_location (id, street_name, location_type, street_name_old, street_name_concat, situation) VALUES (90254, 'GERMANS MORETO PRAT', 'C', 'GERMANS MORETÓ PRAT, C DELS', 'GERMANS MORETO PRAT, C', 'Arbrat viari');
INSERT INTO cat_location (id, street_name, location_type, street_name_old, street_name_concat, situation) VALUES (90255, 'RAFAEL CASANOVA', 'AV', 'RAFAEL CASANOVA, AV DE', 'RAFAEL CASANOVA, AV', 'Arbrat viari');
INSERT INTO cat_location (id, street_name, location_type, street_name_old, street_name_concat, situation) VALUES (90261, 'LLEVADORES', 'C', 'LLEVADORES, C DE LES', 'LLEVADORES, C', 'Arbrat viari');
INSERT INTO cat_location (id, street_name, location_type, street_name_old, street_name_concat, situation) VALUES (90262, 'PAU', 'PTGE', 'PAU, PTGE DE LA', 'PAU, PTGE', 'Arbrat viari');
INSERT INTO cat_location (id, street_name, location_type, street_name_old, street_name_concat, situation) VALUES (90263, 'EUROPA', 'PL', 'EUROPA, PL', 'EUROPA, PL', 'Parcs i places');
INSERT INTO cat_location (id, street_name, location_type, street_name_old, street_name_concat, situation) VALUES (90264, 'MARIA MONTESSORI', 'PTGE', 'MARIA MONTESSORI, PTGE DE LA', 'MARIA MONTESSORI, PTGE', 'Arbrat viari');
INSERT INTO cat_location (id, street_name, location_type, street_name_old, street_name_concat, situation) VALUES (90265, 'VICTÒRIA GARCÉS', 'PG', 'VICTÒRIA GARCÉS, PG DE', 'VICTÒRIA GARCÉS, PG', 'Arbrat viari');
INSERT INTO cat_location (id, street_name, location_type, street_name_old, street_name_concat, situation) VALUES (90266, 'ANDALUSIA', 'PL', 'ANDALUSIA, PL D''', 'ANDALUSIA, PL', 'Parcs i places');
INSERT INTO cat_location (id, street_name, location_type, street_name_old, street_name_concat, situation) VALUES (90267, 'CASTELLA', 'PL', 'CASTELLA, PL DE', 'CASTELLA, PL', 'Parcs i places');
INSERT INTO cat_location (id, street_name, location_type, street_name_old, street_name_concat, situation) VALUES (90268, 'CINCO PINOS', 'PL', 'CINCO PINOS, PL DE', 'CINCO PINOS, PL', 'Parcs i places');
INSERT INTO cat_location (id, street_name, location_type, street_name_old, street_name_concat, situation) VALUES (90269, 'REPUBLICA', 'PL', 'REPÚBLICA, PL DE LA', 'REPUBLICA, PL', 'Parcs i places');
INSERT INTO cat_location (id, street_name, location_type, street_name_old, street_name_concat, situation) VALUES (90270, 'MURCIA', 'PL', 'MÚRCIA, PL DE', 'MURCIA, PL', 'Parcs i places');
INSERT INTO cat_location (id, street_name, location_type, street_name_old, street_name_concat, situation) VALUES (90271, 'VUIT DE MARÇ', 'PL', 'VUIT DE MARÇ, PL DE', 'VUIT DE MARÇ, PL', 'Parcs i places');
INSERT INTO cat_location (id, street_name, location_type, street_name_old, street_name_concat, situation) VALUES (90272, 'ESTATUT', 'PL', 'ESTATUT, PL DE L''', 'ESTATUT, PL', 'Parcs i places');
INSERT INTO cat_location (id, street_name, location_type, street_name_old, street_name_concat, situation) VALUES (90274, 'TIR OLIMPIC', 'AV', 'TIR OLIMPIC, AVINGUDA DEL', 'TIR OLIMPIC, AV', 'Arbrat viari');
INSERT INTO cat_location (id, street_name, location_type, street_name_old, street_name_concat, situation) VALUES (90275, 'LOURDES', 'AV', 'LOURDES, AV DE', 'LOURDES, AV', 'Arbrat viari');
INSERT INTO cat_location (id, street_name, location_type, street_name_old, street_name_concat, situation) VALUES (100101, 'CAN PANTIQUET', 'BOSC DE', 'BOSC DE CAN PANTIQUET', 'CAN PANTIQUET, BOSC DE', 'Parcs i places');
INSERT INTO cat_location (id, street_name, location_type, street_name_old, street_name_concat, situation) VALUES (100102, 'CAN BESORA', 'CEIP', 'CAN BESORA, ESCOLA', 'CAN BESORA, CEIP', 'Equipaments');
INSERT INTO cat_location (id, street_name, location_type, street_name_old, street_name_concat, situation) VALUES (100103, 'CAN VILA', 'ESCOLA  EDUCACIÓ ESPECIAL', 'Can Vila, Escola Educació Especial', 'CAN VILA, ESCOLA  EDUCACIÓ ESPECIAL', 'Equipaments');
INSERT INTO cat_location (id, street_name, location_type, street_name_old, street_name_concat, situation) VALUES (100104, 'CASAL OBERT', 'CASAL OBERT', 'Casal Obert Mollet', 'CASAL OBERT, CASAL OBERT', 'Equipaments');
INSERT INTO cat_location (id, street_name, location_type, street_name_old, street_name_concat, situation) VALUES (100105, 'CEMENTIRI', 'CEMENTIRI', 'CEMENTIRI', 'CEMENTIRI, CEMENTIRI', 'Equipaments');
INSERT INTO cat_location (id, street_name, location_type, street_name_old, street_name_concat, situation) VALUES (100106, 'CAL MUSIC', 'CEIP', 'CAL MÚSIC, ESCOLA', 'CAL MUSIC, CEIP', 'Equipaments');
INSERT INTO cat_location (id, street_name, location_type, street_name_old, street_name_concat, situation) VALUES (100107, 'COL·LEGIS NOUS', 'CEIP', 'COL·LEGIS NOUS, CEIP', 'COL·LEGIS NOUS, CEIP', 'Equipaments');
INSERT INTO cat_location (id, street_name, location_type, street_name_old, street_name_concat, situation) VALUES (100109, 'GERMANS GONZALVO', 'CAMP DE FUTBOL', 'CAMP DE FUTBOL GERMANS GONZALVO', 'GERMANS GONZALVO, CAMP DE FUTBOL', 'Equipaments');
INSERT INTO cat_location (id, street_name, location_type, street_name_old, street_name_concat, situation) VALUES (100111, 'FEDERICO GARCIA LORCA', 'CEIP', 'FEDERICO GARCIA LORCA, ESCOLA', 'FEDERICO GARCIA LORCA, CEIP', 'Equipaments');
INSERT INTO cat_location (id, street_name, location_type, street_name_old, street_name_concat, situation) VALUES (100112, 'FILADORA', 'ESCOLA BRESSOL MUNICIPAL', 'FILADORA, ESCOLA BRESSOL MUNICIPAL', 'FILADORA, ESCOLA BRESSOL MUNICIPAL', 'Equipaments');
INSERT INTO cat_location (id, street_name, location_type, street_name_old, street_name_concat, situation) VALUES (100113, 'JOAN ABELLÓ', 'CEIP', 'JOAN ABELLÓ, CEIP', 'JOAN ABELLÓ, CEIP', 'Equipaments');
INSERT INTO cat_location (id, street_name, location_type, street_name_old, street_name_concat, situation) VALUES (100114, 'JOAN SALVAT PAPASSEIT', 'CEIP', 'JOAN SALVAT PAPASSEIT, CEIP', 'JOAN SALVAT PAPASSEIT, CEIP', 'Equipaments');
INSERT INTO cat_location (id, street_name, location_type, street_name_old, street_name_concat, situation) VALUES (100115, 'JOANA BARCALA', 'CIRD', 'JOANA BARCALA, CIRD', 'JOANA BARCALA, CIRD', 'Equipaments');
INSERT INTO cat_location (id, street_name, location_type, street_name_old, street_name_concat, situation) VALUES (100116, 'MONTSENY', 'CEIP', 'MONTSENY, CEIP', 'MONTSENY, CEIP', 'Equipaments');
INSERT INTO cat_location (id, street_name, location_type, street_name_old, street_name_concat, situation) VALUES (100117, 'NICOLAS LONGARÓN', 'CEIP', 'NICOLAS LONGARÓN, CEIP', 'NICOLAS LONGARÓN, CEIP', 'Equipaments');
INSERT INTO cat_location (id, street_name, location_type, street_name_old, street_name_concat, situation) VALUES (100118, 'PEDRA SALVADORA', 'PISTA D''ATLETISME', 'PEDRA SALVADORA, PISTA D'' ATLETISME', 'PEDRA SALVADORA, PISTA D''ATLETISME', 'Equipaments');
INSERT INTO cat_location (id, street_name, location_type, street_name_old, street_name_concat, situation) VALUES (100119, 'PINETONS', 'ESCOLA BRESSOL MUNICIPAL', 'PINETONS, ESCOLA BRESSOL MUNICIPAL', 'PINETONS, ESCOLA BRESSOL MUNICIPAL', 'Equipaments');
INSERT INTO cat_location (id, street_name, location_type, street_name_old, street_name_concat, situation) VALUES (100120, 'PLANA LLEDO', 'PAVELLO MUNICIPAL', 'PLANA LLEDO, PAVELLO MUNICIPAL', 'PLANA LLEDO, PAVELLO MUNICIPAL', 'Equipaments');
INSERT INTO cat_location (id, street_name, location_type, street_name_old, street_name_concat, situation) VALUES (100121, 'SANT JORDI', 'CEIP', 'SANT JORDI, CEIP', 'SANT JORDI, CEIP', 'Equipaments');
INSERT INTO cat_location (id, street_name, location_type, street_name_old, street_name_concat, situation) VALUES (100122, 'SANT VICENÇ', 'CEIP', 'SANT VICENÇ, ESCOLA PÚBLICA', 'SANT VICENÇ, CEIP', 'Equipaments');
INSERT INTO cat_location (id, street_name, location_type, street_name_old, street_name_concat, situation) VALUES (100123, 'VIVER MUNICIPAL', '', 'VIVER MUNICIPAL', 'VIVER MUNICIPAL, ', 'Equipaments');
INSERT INTO cat_location (id, street_name, location_type, street_name_old, street_name_concat, situation) VALUES (100124, 'XARRANCA', 'ESCOLA BRESSOL MUNICIPAL', 'XARRANCA, ESCOLA BRESSOL MUNICIPAL LA', 'XARRANCA, ESCOLA BRESSOL MUNICIPAL', 'Equipaments');
INSERT INTO cat_location (id, street_name, location_type, street_name_old, street_name_concat, situation) VALUES (100127, 'RAFAEL CASANOVA - Des d''avinguda Burgos fins a C. Alzina', 'AV', NULL, 'RAFAEL CASANOVA,AV - Des d''avinguda Burgos fins a C. Alzina', 'Arbrat viari');
INSERT INTO cat_location (id, street_name, location_type, street_name_old, street_name_concat, situation) VALUES (100126, 'GALLECS, INTERIOR ILLA', 'PATI INTERIOR', 'Gallecs, pati interior d''illa', 'GALLECS, PATI INTERIOR ILLA', 'Parcs i places');
INSERT INTO cat_location (id, street_name, location_type, street_name_old, street_name_concat, situation) VALUES (100125, 'CAN VILA (AIS) ANTIC PARVULARI SALVAT PAPASSEIT', 'AIS', '', 'CAN VILA (AIS) ANTIC PARVULARI SALVAT PAPASSEIT', 'Equipaments');
INSERT INTO cat_location (id, street_name, location_type, street_name_old, street_name_concat, situation) VALUES (100128, 'RAFAEL CASANOVA - Des de carrer Alzina fins Via Ronda', 'AV', NULL, 'RAFAEL CASANOVA,AV - Des de carrer Alzina fins C. Ferrocarrils', 'Arbrat viari');
INSERT INTO cat_location (id, street_name, location_type, street_name_old, street_name_concat, situation) VALUES (11, 'Calle de la Mare de Deu de Montserrat', NULL, NULL, 'Calle de la Mare de Deu de Montserrat', 'sample');
INSERT INTO cat_location (id, street_name, location_type, street_name_old, street_name_concat, situation) VALUES (12, 'Calle de Menorca', NULL, NULL, 'Calle de Menorca', 'sample');
INSERT INTO cat_location (id, street_name, location_type, street_name_old, street_name_concat, situation) VALUES (13, 'Calle de Narcis Monturiol', NULL, NULL, 'Calle de Narcis Monturiol', 'sample');
INSERT INTO cat_location (id, street_name, location_type, street_name_old, street_name_concat, situation) VALUES (14, 'Calle de Galicia', NULL, NULL, 'Calle de Galicia', 'sample');
INSERT INTO cat_location (id, street_name, location_type, street_name_old, street_name_concat, situation) VALUES (15, 'Calle de Federico Garcia Lorca', NULL, NULL, 'Calle de Federico Garcia Lorca', 'sample');
INSERT INTO cat_location (id, street_name, location_type, street_name_old, street_name_concat, situation) VALUES (16, 'Calle de Josep Trueta', NULL, NULL, 'Calle de Josep Trueta', 'sample');
INSERT INTO cat_location (id, street_name, location_type, street_name_old, street_name_concat, situation) VALUES (17, 'Calle de Salvador Espriu', NULL, NULL, 'Calle de Salvador Espriu', 'sample');
INSERT INTO cat_location (id, street_name, location_type, street_name_old, street_name_concat, situation) VALUES (18, 'Calle de Francesc Layret', NULL, NULL, 'Calle de Francesc Layret', 'sample');
INSERT INTO cat_location (id, street_name, location_type, street_name_old, street_name_concat, situation) VALUES (19, 'Avenida del General Prim', NULL, NULL, 'Avenida del General Prim', 'sample');
INSERT INTO cat_location (id, street_name, location_type, street_name_old, street_name_concat, situation) VALUES (20, 'Avenida de la Torre de la Vila', NULL, NULL, 'Avenida de la Torre de la Vila', 'sample');
INSERT INTO cat_location (id, street_name, location_type, street_name_old, street_name_concat, situation) VALUES (21, 'Calle de Salvador Seguí', NULL, NULL, 'Calle de Salvador Seguí', 'sample');
INSERT INTO cat_location (id, street_name, location_type, street_name_old, street_name_concat, situation) VALUES (22, 'Ronda de Sant Ramon', NULL, NULL, 'Ronda de Sant Ramon', 'sample');
INSERT INTO cat_location (id, street_name, location_type, street_name_old, street_name_concat, situation) VALUES (23, 'Calle Legalitat', NULL, NULL, 'Calle Legalitat', 'sample');
INSERT INTO cat_location (id, street_name, location_type, street_name_old, street_name_concat, situation) VALUES (24, 'Avenida de Aragó', NULL, NULL, 'Avenida de Aragó', 'sample');



INSERT INTO cat_species (id, species, common_name, species_old, development_name, color_autumn, color_flowering, color_species, isactive) VALUES (124, 'Platanus × acerifolia', 'Plàtan comú', 'PLATANUS X HISPANICA', 'MOLT', NULL, NULL, NULL, true);
INSERT INTO cat_species (id, species, common_name, species_old, development_name, color_autumn, color_flowering, color_species, isactive) VALUES (17, 'Aesculus hippocastanum', 'Castanyer bord', 'AESCULUS HIPPOCASTANUM', 'MOLT', NULL, NULL, NULL, true);
INSERT INTO cat_species (id, species, common_name, species_old, development_name, color_autumn, color_flowering, color_species, isactive) VALUES (133, 'Populus x Canadensis', 'Pollancre', 'POPULUS X CANADENSIS', 'MOLT', NULL, NULL, NULL, true);
INSERT INTO cat_species (id, species, common_name, species_old, development_name, color_autumn, color_flowering, color_species, isactive) VALUES (104, 'Morus alba', 'Morera blanca ', 'MORUS ALBA', 'MIG', NULL, NULL, NULL, true);
INSERT INTO cat_species (id, species, common_name, species_old, development_name, color_autumn, color_flowering, color_species, isactive) VALUES (162, 'Robinia pseudoacacia', 'Robínia', 'ROBINIA PSEUDOACACIA', 'MIG', NULL, NULL, NULL, true);
INSERT INTO cat_species (id, species, common_name, species_old, development_name, color_autumn, color_flowering, color_species, isactive) VALUES (130, 'Populus alba Bolleana', 'Àlber piramidal', 'POPULUS ALBA PYRAMIDALIS', 'MOLT', NULL, NULL, NULL, true);
INSERT INTO cat_species (id, species, common_name, species_old, development_name, color_autumn, color_flowering, color_species, isactive) VALUES (73, 'Ginkgo biloba', 'Ginkgo', 'GINKGO BILOBA', 'MOLT', '#ffff00', NULL, NULL, true);
INSERT INTO cat_species (id, species, common_name, species_old, development_name, color_autumn, color_flowering, color_species, isactive) VALUES (6, 'Acer Fremanii', 'Auró Fremanii', 'ACER FREMANII', 'MIG', '#ff0000', NULL, NULL, true);
INSERT INTO cat_species (id, species, common_name, species_old, development_name, color_autumn, color_flowering, color_species, isactive) VALUES (117, 'Photinia × fraseri ''Red Robin''', 'Fotínia de Fraser ''Red Robin''', 'PHOTINIA FRASERII x RED ROBIN', 'POC', NULL, NULL, NULL, true);
INSERT INTO cat_species (id, species, common_name, species_old, development_name, color_autumn, color_flowering, color_species, isactive) VALUES (179, 'Tamarix gallica', 'Tamariu francès', 'TAMARIX GALLICA', 'POC', NULL, NULL, NULL, true);
INSERT INTO cat_species (id, species, common_name, species_old, development_name, color_autumn, color_flowering, color_species, isactive) VALUES (25, 'Arbutus unedo', 'Arboç', 'ARBUTUS UNEDO', 'POC', '#548235', NULL, NULL, true);
INSERT INTO cat_species (id, species, common_name, species_old, development_name, color_autumn, color_flowering, color_species, isactive) VALUES (211, 'ZZ_Arbre a plantar', NULL, NULL, NULL, NULL, NULL, NULL, true);
INSERT INTO cat_species (id, species, common_name, species_old, development_name, color_autumn, color_flowering, color_species, isactive) VALUES (48, 'Cercis siliquastrum', 'Arbre de l''amor', 'CERCIS SILIQUASTRUM', 'MIG', NULL, NULL, NULL, true);
INSERT INTO cat_species (id, species, common_name, species_old, development_name, color_autumn, color_flowering, color_species, isactive) VALUES (11, 'Acer pseudoplatanus ', 'Plàtan fals', 'ACER PSEUDOPLATANUS', 'MIG', NULL, NULL, NULL, true);
INSERT INTO cat_species (id, species, common_name, species_old, development_name, color_autumn, color_flowering, color_species, isactive) VALUES (8, 'Acer negundo', 'Negundo', 'ACER NEGUNDO', 'MIG', NULL, NULL, NULL, true);
INSERT INTO cat_species (id, species, common_name, species_old, development_name, color_autumn, color_flowering, color_species, isactive) VALUES (28, 'Betula pendula ''Fastigiata'' ', 'Bedoll fastigiat', NULL, 'MIG', NULL, NULL, NULL, false);
INSERT INTO cat_species (id, species, common_name, species_old, development_name, color_autumn, color_flowering, color_species, isactive) VALUES (21, 'Albizia julibrissin ''Boubri'' OMBRELLA', 'Acàcia taperera Ombrella', NULL, 'MIG', NULL, NULL, NULL, false);
INSERT INTO cat_species (id, species, common_name, species_old, development_name, color_autumn, color_flowering, color_species, isactive) VALUES (202, 'Washingtonia filifera', 'Washingtònia de Califòrnia', NULL, 'PALMERES', NULL, NULL, NULL, false);
INSERT INTO cat_species (id, species, common_name, species_old, development_name, color_autumn, color_flowering, color_species, isactive) VALUES (77, 'Gleditsia triacanthos ''Sunburst''', 'Acàcia negra ''Sunburst''', NULL, 'MIG', NULL, NULL, NULL, false);
INSERT INTO cat_species (id, species, common_name, species_old, development_name, color_autumn, color_flowering, color_species, isactive) VALUES (121, 'Pinus halepensis', 'Pi blanc', 'PINUS HALEPENSIS', 'MOLT', '#FF5733', '(45, 97, 218)', NULL, false);
INSERT INTO cat_species (id, species, common_name, species_old, development_name, color_autumn, color_flowering, color_species, isactive) VALUES (180, 'Tamarix ramosissima (T. pentandra)', 'Tamariu d''estiu', NULL, 'POC', NULL, NULL, NULL, false);
INSERT INTO cat_species (id, species, common_name, species_old, development_name, color_autumn, color_flowering, color_species, isactive) VALUES (181, 'Tamarix tetrandra', 'Tamariu tetrandre', NULL, 'POC', NULL, NULL, NULL, false);
INSERT INTO cat_species (id, species, common_name, species_old, development_name, color_autumn, color_flowering, color_species, isactive) VALUES (185, 'Tilia americana', 'Tell americà', NULL, 'MOLT', NULL, NULL, NULL, false);
INSERT INTO cat_species (id, species, common_name, species_old, development_name, color_autumn, color_flowering, color_species, isactive) VALUES (187, 'Tilia × euchlora', 'Tell de Crimea', NULL, 'MOLT', NULL, NULL, NULL, false);
INSERT INTO cat_species (id, species, common_name, species_old, development_name, color_autumn, color_flowering, color_species, isactive) VALUES (188, 'Tilia × europaea ', 'Tell d''Holanda', NULL, 'MOLT', NULL, NULL, NULL, false);
INSERT INTO cat_species (id, species, common_name, species_old, development_name, color_autumn, color_flowering, color_species, isactive) VALUES (193, 'Ulmus minor', 'Om', NULL, 'MOLT', NULL, NULL, NULL, false);
INSERT INTO cat_species (id, species, common_name, species_old, development_name, color_autumn, color_flowering, color_species, isactive) VALUES (197, 'Ulmus ''Sapporo Autumn Gold'' RESISTA', 'Om ''Sapporo Autumn Gold''', NULL, 'MOLT', NULL, NULL, NULL, false);
INSERT INTO cat_species (id, species, common_name, species_old, development_name, color_autumn, color_flowering, color_species, isactive) VALUES (24, 'Araucaria  araucana', 'Arbre de pisos', 'ARAUCARIA', 'MOLT', NULL, NULL, NULL, false);
INSERT INTO cat_species (id, species, common_name, species_old, development_name, color_autumn, color_flowering, color_species, isactive) VALUES (119, 'Phytolacca dioica', 'Bellaombra', 'PHYTOLACCA DIOICA', 'MOLT', NULL, NULL, NULL, false);
INSERT INTO cat_species (id, species, common_name, species_old, development_name, color_autumn, color_flowering, color_species, isactive) VALUES (93, 'Maclura pomifera', 'Maclura', NULL, 'MOLT', NULL, NULL, NULL, false);
INSERT INTO cat_species (id, species, common_name, species_old, development_name, color_autumn, color_flowering, color_species, isactive) VALUES (205, 'Zelcova Serrata', 'Zelcova Serrata', 'ZELCOVA SERRATA', 'MOLT', NULL, NULL, NULL, false);
INSERT INTO cat_species (id, species, common_name, species_old, development_name, color_autumn, color_flowering, color_species, isactive) VALUES (218, 'Quercus robur ''Crimson Spire''', 'Roure Crimson Spire', NULL, 'MOLT', NULL, NULL, NULL, false);
INSERT INTO cat_species (id, species, common_name, species_old, development_name, color_autumn, color_flowering, color_species, isactive) VALUES (219, 'Quercus x Warei ''Long Regal Prince''', 'Roure Warei Long Regal Prince', NULL, 'MOLT', NULL, NULL, NULL, false);
INSERT INTO cat_species (id, species, common_name, species_old, development_name, color_autumn, color_flowering, color_species, isactive) VALUES (220, 'Ilex ''Nellie R. Stevens''', 'Grèvol ''Nellie R. Stevens''', NULL, 'POC', NULL, NULL, NULL, false);
INSERT INTO cat_species (id, species, common_name, species_old, development_name, color_autumn, color_flowering, color_species, isactive) VALUES (221, 'Soca', 'Soca', NULL, 'POC', NULL, NULL, NULL, false);
INSERT INTO cat_species (id, species, common_name, species_old, development_name, color_autumn, color_flowering, color_species, isactive) VALUES (147, 'Pterocarya fraxinifolia', 'Noguera alada del Caucas', 'PTEROCARYA FRAXINIFOLIA', 'MOLT', NULL, NULL, NULL, false);
INSERT INTO cat_species (id, species, common_name, species_old, development_name, color_autumn, color_flowering, color_species, isactive) VALUES (174, 'Styphnolobium japonicum (Sophora japonica)', 'Acàcia del Japó', 'SOPHORA JAPONICA', 'MOLT', NULL, NULL, NULL, false);
INSERT INTO cat_species (id, species, common_name, species_old, development_name, color_autumn, color_flowering, color_species, isactive) VALUES (122, 'Pinus pinea', 'Pi pinyer', 'PINUS PINEA', 'MOLT', NULL, NULL, NULL, false);
INSERT INTO cat_species (id, species, common_name, species_old, development_name, color_autumn, color_flowering, color_species, isactive) VALUES (90, 'Liquidambar styraciflua', 'Liquidàmbar americà', 'LIQUIDAMBAR STYRACIFLUA', 'MOLT', NULL, NULL, NULL, false);
INSERT INTO cat_species (id, species, common_name, species_old, development_name, color_autumn, color_flowering, color_species, isactive) VALUES (91, 'Liquidambar styraciflua ''Worplesdon''', 'Liquidàmbar americà ''Worplesdon''', 'LIQUIDAMBAR STYRACIFLUA WORPLESDON', 'MOLT', NULL, NULL, NULL, false);
INSERT INTO cat_species (id, species, common_name, species_old, development_name, color_autumn, color_flowering, color_species, isactive) VALUES (102, 'Melia azedarach', 'Mèlia', 'MELIA AZEDARACH', 'MOLT', NULL, NULL, NULL, false);
INSERT INTO cat_species (id, species, common_name, species_old, development_name, color_autumn, color_flowering, color_species, isactive) VALUES (19, 'Ailanthus x Altissima', 'Ailanthus  Altissima', 'AILANTHUS ALTISSIMA', 'MIG', NULL, NULL, NULL, false);
INSERT INTO cat_species (id, species, common_name, species_old, development_name, color_autumn, color_flowering, color_species, isactive) VALUES (159, 'Quercus rubra Boreals', 'Roure roig Boreal', 'QUERCUS RUBRA BOREALIS', 'MIG', NULL, NULL, NULL, false);
INSERT INTO cat_species (id, species, common_name, species_old, development_name, color_autumn, color_flowering, color_species, isactive) VALUES (146, 'Prunus virginiana ''Shubert'' ', 'Cirerer de Virgínia ''Shubert''', 'PRUNUS VIRGINIANA', 'POC', NULL, NULL, NULL, false);
INSERT INTO cat_species (id, species, common_name, species_old, development_name, color_autumn, color_flowering, color_species, isactive) VALUES (99, 'Malus ''Evereste''', 'Pomera de flor ''Evereste''', NULL, 'POC', NULL, NULL, NULL, false);
INSERT INTO cat_species (id, species, common_name, species_old, development_name, color_autumn, color_flowering, color_species, isactive) VALUES (101, 'Malus ''Golden Hornet''', 'Pomera de flor ''Golden Hornet''', NULL, 'POC', NULL, NULL, NULL, false);
INSERT INTO cat_species (id, species, common_name, species_old, development_name, color_autumn, color_flowering, color_species, isactive) VALUES (103, 'Melia azedarach ''Umbraculifera''', 'Mèlia de bola', NULL, 'MOLT', NULL, NULL, NULL, false);
INSERT INTO cat_species (id, species, common_name, species_old, development_name, color_autumn, color_flowering, color_species, isactive) VALUES (106, 'Morus alba ''Pendula''', 'Morera pèndula', NULL, 'MIG', NULL, NULL, NULL, false);
INSERT INTO cat_species (id, species, common_name, species_old, development_name, color_autumn, color_flowering, color_species, isactive) VALUES (125, 'Platanus × acerifolia ''Pyramidalis''', 'Plàtan  piramidal', NULL, 'MOLT', NULL, NULL, NULL, false);
INSERT INTO cat_species (id, species, common_name, species_old, development_name, color_autumn, color_flowering, color_species, isactive) VALUES (134, 'Populus tremula', 'Trèmol', NULL, 'MOLT', NULL, NULL, NULL, false);
INSERT INTO cat_species (id, species, common_name, species_old, development_name, color_autumn, color_flowering, color_species, isactive) VALUES (150, 'Quercus cerris', 'Roure turc', NULL, 'MIG', NULL, NULL, NULL, false);
INSERT INTO cat_species (id, species, common_name, species_old, development_name, color_autumn, color_flowering, color_species, isactive) VALUES (151, 'Quercus coccinea', 'Roure escarlata', NULL, 'POC', NULL, NULL, NULL, false);
INSERT INTO cat_species (id, species, common_name, species_old, development_name, color_autumn, color_flowering, color_species, isactive) VALUES (157, 'Quercus robur ''Fastigiata Koster''', 'Roure pènol ''Fastigiata Koster''', NULL, 'MOLT', NULL, NULL, NULL, false);
INSERT INTO cat_species (id, species, common_name, species_old, development_name, color_autumn, color_flowering, color_species, isactive) VALUES (165, 'Robinia pseudoacacia ''Bessoniana''', 'Robínia de Besson', NULL, 'MIG', NULL, NULL, NULL, false);
INSERT INTO cat_species (id, species, common_name, species_old, development_name, color_autumn, color_flowering, color_species, isactive) VALUES (166, 'Robinia pseudoacacia ''Pyramidalis''', 'Robínia piramidal', NULL, 'MIG', NULL, NULL, NULL, false);
INSERT INTO cat_species (id, species, common_name, species_old, development_name, color_autumn, color_flowering, color_species, isactive) VALUES (43, 'Celtis Occidentalis', 'Celtis Occidentalis', 'CELTIS OCCIDENTALIS', 'MOLT', NULL, NULL, NULL, false);
INSERT INTO cat_species (id, species, common_name, species_old, development_name, color_autumn, color_flowering, color_species, isactive) VALUES (13, 'Citrus limon', 'Llimoner', NULL, 'POC', NULL, NULL, NULL, true);
INSERT INTO cat_species (id, species, common_name, species_old, development_name, color_autumn, color_flowering, color_species, isactive) VALUES (195, 'Ulmus Carpinifolia', 'Om de Carpats', 'ULMUS CARPINIFOLIA', 'MOLT', NULL, NULL, NULL, true);
INSERT INTO cat_species (id, species, common_name, species_old, development_name, color_autumn, color_flowering, color_species, isactive) VALUES (175, 'Styphnolobium j. ''Columnare'' (Sophora ''Columnare'')', 'Acàcia del Japó columnar', 'SOPHORA JAPONICA COLUMNARIS', 'MOLT', NULL, NULL, NULL, false);
INSERT INTO cat_species (id, species, common_name, species_old, development_name, color_autumn, color_flowering, color_species, isactive) VALUES (92, 'Liriodendron tulipifera', 'Tuliper de Virgínia', 'LIRIODENDRON TULIPIFERA', 'MOLT', NULL, NULL, NULL, false);
INSERT INTO cat_species (id, species, common_name, species_old, development_name, color_autumn, color_flowering, color_species, isactive) VALUES (217, 'Sambucus nigra', 'Saüc', NULL, 'POC', '#224923', NULL, NULL, false);
INSERT INTO cat_species (id, species, common_name, species_old, development_name, color_autumn, color_flowering, color_species, isactive) VALUES (116, 'Phoenix dactylifera', 'Palmera Datilera', 'PHOENIX DACTYLIFERA', 'PALMERES', NULL, NULL, NULL, false);
INSERT INTO cat_species (id, species, common_name, species_old, development_name, color_autumn, color_flowering, color_species, isactive) VALUES (137, 'Prunus cerasifera ''Pissardii'' (''Atropurpurea'')', 'Prunera vermella', 'PRUNUS CERASIFERA', 'POC', NULL, NULL, NULL, false);
INSERT INTO cat_species (id, species, common_name, species_old, development_name, color_autumn, color_flowering, color_species, isactive) VALUES (115, 'Phoenix canariensis', 'Palmera Canarias', 'PHOENIX CANARIENSIS', 'PALMERES', NULL, NULL, NULL, false);
INSERT INTO cat_species (id, species, common_name, species_old, development_name, color_autumn, color_flowering, color_species, isactive) VALUES (154, 'Quercus pubescens', 'Roure martinenc', 'QUERCUS PUBESCENS', 'MIG', NULL, NULL, NULL, false);
INSERT INTO cat_species (id, species, common_name, species_old, development_name, color_autumn, color_flowering, color_species, isactive) VALUES (163, 'Robinia × margaretta ''Pink Cascade'' (''Casque Rouge'')', 'Robínia  ''Casque Rouge''', 'ROBINIA PSEUDOACACIA CASQUE ROUGE', 'MIG', NULL, NULL, NULL, false);
INSERT INTO cat_species (id, species, common_name, species_old, development_name, color_autumn, color_flowering, color_species, isactive) VALUES (66, 'Ficus carica', 'Figuera', 'FICUS CARICA', 'MIG', NULL, NULL, NULL, false);
INSERT INTO cat_species (id, species, common_name, species_old, development_name, color_autumn, color_flowering, color_species, isactive) VALUES (75, 'Gleditsia triacanthos ''Skyline''', 'Acàcia negra ''Skyline''', 'GLEDITSIA SKYLINE', 'MIG', NULL, NULL, NULL, false);
INSERT INTO cat_species (id, species, common_name, species_old, development_name, color_autumn, color_flowering, color_species, isactive) VALUES (120, 'Picea abies', 'Picea', 'PICEA ABIES', 'MIG', NULL, NULL, NULL, false);
INSERT INTO cat_species (id, species, common_name, species_old, development_name, color_autumn, color_flowering, color_species, isactive) VALUES (96, 'Magnolia Heaven Scent', 'Magnòlia de Flor', 'MAGNOLIA HEAVEN SCENT', 'POC', NULL, NULL, NULL, false);
INSERT INTO cat_species (id, species, common_name, species_old, development_name, color_autumn, color_flowering, color_species, isactive) VALUES (170, 'Salix babylonica', 'Desmai', 'SALIX BABYLONICA', 'MOLT', NULL, NULL, NULL, false);
INSERT INTO cat_species (id, species, common_name, species_old, development_name, color_autumn, color_flowering, color_species, isactive) VALUES (50, 'Chorisia speciosa', 'Chorisia Speciosa', 'CHORISIA SPECIOSA', 'MIG', NULL, NULL, NULL, false);
INSERT INTO cat_species (id, species, common_name, species_old, development_name, color_autumn, color_flowering, color_species, isactive) VALUES (79, 'Hibiscus syriacus ', 'Hibisc de Síria', 'HIBISCUS SYRIACUS', 'POC', NULL, NULL, NULL, false);
INSERT INTO cat_species (id, species, common_name, species_old, development_name, color_autumn, color_flowering, color_species, isactive) VALUES (143, 'Prunus serrulata ''Kanzan''', 'Cirerer del Japó ''Kanzan''', 'PRUNUS SERRULATA KANZAN', 'POC', NULL, NULL, NULL, false);
INSERT INTO cat_species (id, species, common_name, species_old, development_name, color_autumn, color_flowering, color_species, isactive) VALUES (30, 'Broussonetia papyrifera', 'Morera de paper', 'BROUSSONETIA PAPYRIFERA', 'MIG', NULL, NULL, NULL, false);
INSERT INTO cat_species (id, species, common_name, species_old, development_name, color_autumn, color_flowering, color_species, isactive) VALUES (94, 'Liriodendron tulipifera FASTIGIATA', 'Tuliper de Virgínia', 'LIRIODENDRON TULIPIFERA FASTIGIATA', 'MIG', NULL, NULL, NULL, false);
INSERT INTO cat_species (id, species, common_name, species_old, development_name, color_autumn, color_flowering, color_species, isactive) VALUES (144, 'Prunus sp.', 'Prunus ', 'PRUNUS SP.', 'POC', NULL, NULL, NULL, false);
INSERT INTO cat_species (id, species, common_name, species_old, development_name, color_autumn, color_flowering, color_species, isactive) VALUES (210, 'Tamarix aphylla', 'Tamariu', NULL, 'MIG', NULL, NULL, NULL, false);
INSERT INTO cat_species (id, species, common_name, species_old, development_name, color_autumn, color_flowering, color_species, isactive) VALUES (76, 'Gleditsia triacanthos f. inermis', 'Acàcia negra inerme', 'GLEDITSIA TRIACANTHOS', 'MIG', NULL, NULL, NULL, false);
INSERT INTO cat_species (id, species, common_name, species_old, development_name, color_autumn, color_flowering, color_species, isactive) VALUES (7, 'Acer monspessulanum', 'Auró negre', NULL, 'MIG', NULL, NULL, NULL, false);
INSERT INTO cat_species (id, species, common_name, species_old, development_name, color_autumn, color_flowering, color_species, isactive) VALUES (214, 'Prunus serrulata ''Accolade''', 'Cirerer de flor ''Accolade''', NULL, 'POC', NULL, NULL, NULL, false);
INSERT INTO cat_species (id, species, common_name, species_old, development_name, color_autumn, color_flowering, color_species, isactive) VALUES (23, 'Alnus glutinosa', 'Vern', 'ALNUS GLUTINOSA', 'MIG', NULL, NULL, NULL, false);
INSERT INTO cat_species (id, species, common_name, species_old, development_name, color_autumn, color_flowering, color_species, isactive) VALUES (204, 'Yucca Aloifolia', 'Yuca', 'YUCCA ALOIFOLIA', 'POC', NULL, NULL, NULL, false);
INSERT INTO cat_species (id, species, common_name, species_old, development_name, color_autumn, color_flowering, color_species, isactive) VALUES (167, 'Robinia pseudoacacia ''Umbraculifera'' ', 'Robínia de bola', NULL, 'MIG', NULL, NULL, NULL, false);
INSERT INTO cat_species (id, species, common_name, species_old, development_name, color_autumn, color_flowering, color_species, isactive) VALUES (40, 'Cedrus deodara', 'Cedre de l’Himàlaia', 'CEDRUS DEODARA', 'MOLT', '#a9d08e', NULL, NULL, false);
INSERT INTO cat_species (id, species, common_name, species_old, development_name, color_autumn, color_flowering, color_species, isactive) VALUES (98, 'Magnolia x  Soulangiana', 'Magnòlia de Flor', 'MAGNOLIA X SOULANGIANA', 'POC', NULL, NULL, NULL, false);
INSERT INTO cat_species (id, species, common_name, species_old, development_name, color_autumn, color_flowering, color_species, isactive) VALUES (169, 'Salix alba subsp. vitellina', 'Salze daurat', NULL, 'MOLT', NULL, NULL, NULL, false);
INSERT INTO cat_species (id, species, common_name, species_old, development_name, color_autumn, color_flowering, color_species, isactive) VALUES (172, 'Sorbus aria', 'Moixera ', NULL, 'POC', NULL, NULL, NULL, false);
INSERT INTO cat_species (id, species, common_name, species_old, development_name, color_autumn, color_flowering, color_species, isactive) VALUES (173, 'Sorbus domestica', 'Server', NULL, 'POC', NULL, NULL, NULL, false);
INSERT INTO cat_species (id, species, common_name, species_old, development_name, color_autumn, color_flowering, color_species, isactive) VALUES (177, 'Tabebuia heptaphylla (Handroanthus heptaphyllus)', 'Ipé morat', NULL, 'MOLT', NULL, NULL, NULL, false);
INSERT INTO cat_species (id, species, common_name, species_old, development_name, color_autumn, color_flowering, color_species, isactive) VALUES (128, 'Podocarpus neriifolius', 'Podocarp comú', 'PODOCARPUS MACROPHYLLUS', 'POC', NULL, NULL, NULL, false);
INSERT INTO cat_species (id, species, common_name, species_old, development_name, color_autumn, color_flowering, color_species, isactive) VALUES (176, 'Sorbus aucuparia ', 'Moixera de guilla', 'SORBUS ACUPARIA', 'POC', NULL, NULL, NULL, false);
INSERT INTO cat_species (id, species, common_name, species_old, development_name, color_autumn, color_flowering, color_species, isactive) VALUES (192, 'Tipuana tipu', 'Tipuana', 'TIPUANA TIPU', 'MOLT', NULL, '#f9ed09', NULL, false);
INSERT INTO cat_species (id, species, common_name, species_old, development_name, color_autumn, color_flowering, color_species, isactive) VALUES (182, 'Taxodium distichum', 'Xiprer dels pantans', 'TAXODIUM DISTICHUM', 'MIG', NULL, NULL, NULL, false);
INSERT INTO cat_species (id, species, common_name, species_old, development_name, color_autumn, color_flowering, color_species, isactive) VALUES (189, 'Tilia × europaea ''Pallida''', 'Tell pàl·lid', 'TILIA EUROPAEA PALLIDA', 'MOLT', NULL, NULL, NULL, false);
INSERT INTO cat_species (id, species, common_name, species_old, development_name, color_autumn, color_flowering, color_species, isactive) VALUES (2, 'Abies x Masjoani', 'Avet de Masjoan', 'ABIES X MASJOANI', 'MOLT', '#548235', NULL, NULL, false);
INSERT INTO cat_species (id, species, common_name, species_old, development_name, color_autumn, color_flowering, color_species, isactive) VALUES (113, 'Parrotia persica', 'Parròtia de Pèrsia', 'PARROTIA PERSICA', 'MIG', NULL, NULL, NULL, false);
INSERT INTO cat_species (id, species, common_name, species_old, development_name, color_autumn, color_flowering, color_species, isactive) VALUES (109, 'Nerium oleander', 'Baladre', 'NERIUM OLEANDER', 'POC', NULL, NULL, NULL, false);
INSERT INTO cat_species (id, species, common_name, species_old, development_name, color_autumn, color_flowering, color_species, isactive) VALUES (86, 'Lagunaria patersonia', 'Lagunària', 'LAGUNARIA PATERSONII', 'MIG', NULL, NULL, NULL, false);
INSERT INTO cat_species (id, species, common_name, species_old, development_name, color_autumn, color_flowering, color_species, isactive) VALUES (5, 'Acer × freemanii  AUTUMN BLAZE', 'Auró de Freeman Autumn Blaze', 'ACER FREEMANII AUTUM BLAZE', 'MIG', '#ff0000', '#d4d0c8', NULL, false);
INSERT INTO cat_species (id, species, common_name, species_old, development_name, color_autumn, color_flowering, color_species, isactive) VALUES (41, 'Cedrus libani', 'Cedre del Líban', 'CEDRUS LIBANI', 'MOLT', '#a9d08e', NULL, NULL, false);
INSERT INTO cat_species (id, species, common_name, species_old, development_name, color_autumn, color_flowering, color_species, isactive) VALUES (206, 'Ostrya carpinifolia', 'Ostrya', NULL, 'MIG', NULL, NULL, NULL, false);
INSERT INTO cat_species (id, species, common_name, species_old, development_name, color_autumn, color_flowering, color_species, isactive) VALUES (54, 'Cupressocyparis x Leylandii ', 'Cupressocyparis Leylandii ', 'CUPRESSOCYPARIS LEYLANDII X', 'MIG', '#548235', NULL, NULL, false);
INSERT INTO cat_species (id, species, common_name, species_old, development_name, color_autumn, color_flowering, color_species, isactive) VALUES (55, 'Cupressus arizonica ''Fastigiata''', 'Xiprer blau fastigiat', 'CUPRESSUS ARIZONICA GLAUCA', 'MOLT', '#9bc2e6', NULL, NULL, false);
INSERT INTO cat_species (id, species, common_name, species_old, development_name, color_autumn, color_flowering, color_species, isactive) VALUES (68, 'Fraxinus americana', 'Freixe blanc', 'FRAXINUS AMERICANA', 'MOLT', '#ffff99', NULL, NULL, false);
INSERT INTO cat_species (id, species, common_name, species_old, development_name, color_autumn, color_flowering, color_species, isactive) VALUES (70, 'Fraxinus angustifolia ''Raywood''', 'Freixe de fulla petita ''Raywood''', NULL, 'MOLT', '#c00000', NULL, NULL, false);
INSERT INTO cat_species (id, species, common_name, species_old, development_name, color_autumn, color_flowering, color_species, isactive) VALUES (74, 'Ginkgo biloba ''Fastigiata''', 'Ginkgo fastigiat', NULL, 'MIG', NULL, NULL, NULL, false);
INSERT INTO cat_species (id, species, common_name, species_old, development_name, color_autumn, color_flowering, color_species, isactive) VALUES (10, 'Acer platanoides ''Crimson King''', 'Erable  ''Crimson King''', NULL, 'POC', NULL, NULL, NULL, false);
INSERT INTO cat_species (id, species, common_name, species_old, development_name, color_autumn, color_flowering, color_species, isactive) VALUES (45, 'Ceratonia siliqua', 'Garrofer', NULL, 'POC', NULL, NULL, NULL, false);
INSERT INTO cat_species (id, species, common_name, species_old, development_name, color_autumn, color_flowering, color_species, isactive) VALUES (47, 'Cercis chinensis', 'Arbre de l''amor de la Xina', NULL, 'MIG', NULL, NULL, NULL, false);
INSERT INTO cat_species (id, species, common_name, species_old, development_name, color_autumn, color_flowering, color_species, isactive) VALUES (81, 'Juglans nigra', 'Noguera negra', NULL, 'MOLT', NULL, NULL, NULL, false);
INSERT INTO cat_species (id, species, common_name, species_old, development_name, color_autumn, color_flowering, color_species, isactive) VALUES (84, 'Koelreuteria paniculata ''Fastigiata''', 'Sapinde de la Xina fastigiat', NULL, 'MOLT', NULL, NULL, NULL, false);
INSERT INTO cat_species (id, species, common_name, species_old, development_name, color_autumn, color_flowering, color_species, isactive) VALUES (161, 'Rhus typhina', 'Sumac americà', 'RHUS TYPHINA', 'POC', NULL, NULL, NULL, false);
INSERT INTO cat_species (id, species, common_name, species_old, development_name, color_autumn, color_flowering, color_species, isactive) VALUES (200, 'Vitex Agnus-Castus', 'Aloc', 'VITEX, VITEX AGNUS-CASTUS', 'POC', NULL, NULL, NULL, false);
INSERT INTO cat_species (id, species, common_name, species_old, development_name, color_autumn, color_flowering, color_species, isactive) VALUES (123, 'Pistacia chinensis', 'Noguerola de la Xina', 'PISTACIA CHINENSIS', 'POC', NULL, NULL, NULL, false);
INSERT INTO cat_species (id, species, common_name, species_old, development_name, color_autumn, color_flowering, color_species, isactive) VALUES (178, 'Tamarix africana', 'Tamariu africà', 'TAMARIX AFRICANA', 'POC', NULL, NULL, NULL, false);
INSERT INTO cat_species (id, species, common_name, species_old, development_name, color_autumn, color_flowering, color_species, isactive) VALUES (49, 'Chitalpa x tashkentensis ', 'Quitalpa ', 'CHITALPA TASHKENTENSIS', 'POC', NULL, NULL, NULL, false);
INSERT INTO cat_species (id, species, common_name, species_old, development_name, color_autumn, color_flowering, color_species, isactive) VALUES (148, 'Punica granatum', 'Magraner', 'PUNICA GRANATUM', 'POC', NULL, NULL, NULL, false);
INSERT INTO cat_species (id, species, common_name, species_old, development_name, color_autumn, color_flowering, color_species, isactive) VALUES (87, 'Laurus nobilis', 'Llorer', 'LAURUS NOBILIS', 'POC', NULL, NULL, NULL, false);
INSERT INTO cat_species (id, species, common_name, species_old, development_name, color_autumn, color_flowering, color_species, isactive) VALUES (3, 'Acacia Cyanophilla', 'Mimosa', 'ACACIA CYANOPHILLA', 'MIG', NULL, '#d4d0c8', NULL, false);
INSERT INTO cat_species (id, species, common_name, species_old, development_name, color_autumn, color_flowering, color_species, isactive) VALUES (140, 'Prunus lusitanica', 'Prunus Lusitanica', 'PRUNUS LUSITANICA, PRUNUS PERSICA', 'POC', NULL, NULL, NULL, false);
INSERT INTO cat_species (id, species, common_name, species_old, development_name, color_autumn, color_flowering, color_species, isactive) VALUES (67, 'Firmiana simplex', 'Firmiana', 'FIRMINIANA SIMPLEX', 'MIG', NULL, NULL, NULL, false);
INSERT INTO cat_species (id, species, common_name, species_old, development_name, color_autumn, color_flowering, color_species, isactive) VALUES (149, 'Pyrus calleryana ''Chanticleer''', 'Perera de Callery ''Chanticleer''', 'PYRUS SP.', 'POC', NULL, NULL, NULL, false);
INSERT INTO cat_species (id, species, common_name, species_old, development_name, color_autumn, color_flowering, color_species, isactive) VALUES (114, 'Paulownia tomentosa', 'Paulònia', 'PAULOWNIA TOMENTOSA', 'MIG', NULL, NULL, NULL, false);
INSERT INTO cat_species (id, species, common_name, species_old, development_name, color_autumn, color_flowering, color_species, isactive) VALUES (152, 'Quercus humilis', 'Quercus humilis', 'QUERCUS HUMILIS', 'MIG', NULL, NULL, NULL, false);
INSERT INTO cat_species (id, species, common_name, species_old, development_name, color_autumn, color_flowering, color_species, isactive) VALUES (80, 'Jacaranda mimosifolia', 'Xicranda', 'JACARANDA MIMOSIFOLIA', 'MIG', NULL, NULL, NULL, false);
INSERT INTO cat_species (id, species, common_name, species_old, development_name, color_autumn, color_flowering, color_species, isactive) VALUES (160, 'Quercus suber', 'Alzina surera', 'QUERCUS SUBER', 'MIG', NULL, NULL, NULL, false);
INSERT INTO cat_species (id, species, common_name, species_old, development_name, color_autumn, color_flowering, color_species, isactive) VALUES (190, 'Tilia platyphyllos', 'Tell de fulla gran', 'TILIA PLATYPHILLOS', 'MOLT', NULL, NULL, NULL, false);
INSERT INTO cat_species (id, species, common_name, species_old, development_name, color_autumn, color_flowering, color_species, isactive) VALUES (31, 'Butia Capitata', 'Butia Capitata', 'BUTIA CAPITATA', 'PALMERES', NULL, NULL, NULL, false);
INSERT INTO cat_species (id, species, common_name, species_old, development_name, color_autumn, color_flowering, color_species, isactive) VALUES (183, 'Taxus baccata', 'Teix', 'TAXUS BACCATA', 'MIG', NULL, NULL, NULL, false);
INSERT INTO cat_species (id, species, common_name, species_old, development_name, color_autumn, color_flowering, color_species, isactive) VALUES (58, 'Cydonia oblonga', 'Cydonia Oblonga', 'CYDONIA OBLONGA', 'POC', NULL, NULL, NULL, false);
INSERT INTO cat_species (id, species, common_name, species_old, development_name, color_autumn, color_flowering, color_species, isactive) VALUES (97, 'Magnolia Kobus', 'Magnòlia de Flor', 'MAGNOLIA KOBUS', 'POC', NULL, NULL, NULL, false);
INSERT INTO cat_species (id, species, common_name, species_old, development_name, color_autumn, color_flowering, color_species, isactive) VALUES (100, 'Malus floribunda', 'Pomera del Japó', 'MALUS SP.', 'POC', NULL, NULL, NULL, false);
INSERT INTO cat_species (id, species, common_name, species_old, development_name, color_autumn, color_flowering, color_species, isactive) VALUES (85, 'Lagerstroemia indica', 'Arbre de Júpiter', 'LAGERSTROEMIA INDICA', 'POC', NULL, NULL, NULL, true);
INSERT INTO cat_species (id, species, common_name, species_old, development_name, color_autumn, color_flowering, color_species, isactive) VALUES (112, 'Parkinsonia aculeata', 'Parkinsònia', 'PARKINSONIA ACULEATA', 'POC', NULL, NULL, NULL, true);
INSERT INTO cat_species (id, species, common_name, species_old, development_name, color_autumn, color_flowering, color_species, isactive) VALUES (168, 'Salix alba', 'Salze blanc', NULL, 'MOLT', NULL, NULL, NULL, true);
INSERT INTO cat_species (id, species, common_name, species_old, development_name, color_autumn, color_flowering, color_species, isactive) VALUES (38, 'Catalpa bignonioides ', 'Catalpa comuna', 'CATALPA BIGNONIOIDES', 'MIG', NULL, NULL, NULL, false);
INSERT INTO cat_species (id, species, common_name, species_old, development_name, color_autumn, color_flowering, color_species, isactive) VALUES (156, 'Quercus robur ''Fastigiata''', 'Roure pènol fastigiat', 'QUERCUS ROBUR FASTIAGATA', 'MOLT', NULL, NULL, NULL, false);
INSERT INTO cat_species (id, species, common_name, species_old, development_name, color_autumn, color_flowering, color_species, isactive) VALUES (171, 'Schinus molle', 'Pebrer bord', 'SCHINUS MOLLE', 'MIG', NULL, NULL, NULL, false);
INSERT INTO cat_species (id, species, common_name, species_old, development_name, color_autumn, color_flowering, color_species, isactive) VALUES (158, 'Quercus rubra', 'Roure roig', 'QUERCUS RUBRA', 'MIG', NULL, NULL, NULL, false);
INSERT INTO cat_species (id, species, common_name, species_old, development_name, color_autumn, color_flowering, color_species, isactive) VALUES (83, 'Koelreuteria paniculata', 'Sapinde de la Xina', 'KOELREUTERIA PANICULATA', 'MIG', NULL, NULL, NULL, false);
INSERT INTO cat_species (id, species, common_name, species_old, development_name, color_autumn, color_flowering, color_species, isactive) VALUES (105, 'Morus alba ''Fruitless''', 'Morera blanca sense fruit', 'MORUS ALBA FRUITLESS', 'MIG', NULL, NULL, NULL, false);
INSERT INTO cat_species (id, species, common_name, species_old, development_name, color_autumn, color_flowering, color_species, isactive) VALUES (95, 'Magnolia grandiflora ''Galissonnière''', 'Magnòlia de La Galissonnière', 'MAGNOLIA GRANDIFLORA', 'MIG', NULL, NULL, NULL, false);
INSERT INTO cat_species (id, species, common_name, species_old, development_name, color_autumn, color_flowering, color_species, isactive) VALUES (51, 'Cinammomum camphora', 'Cinammomum Camphora', 'CINNAMOMUM CAMPHORA', 'MIG', NULL, NULL, NULL, false);
INSERT INTO cat_species (id, species, common_name, species_old, development_name, color_autumn, color_flowering, color_species, isactive) VALUES (153, 'Quercus ilex', 'Alzina', 'QUERCUS ILEX ILEX', 'MIG', NULL, NULL, NULL, false);
INSERT INTO cat_species (id, species, common_name, species_old, development_name, color_autumn, color_flowering, color_species, isactive) VALUES (4, 'Acer campestre', 'Auró blanc', 'ACER CAMPESTRE', 'MIG', '#ffc000', NULL, NULL, false);
INSERT INTO cat_species (id, species, common_name, species_old, development_name, color_autumn, color_flowering, color_species, isactive) VALUES (59, 'Diospyros kaki', 'Caquier', 'DIOSPYROS KAKI', 'POC', NULL, NULL, NULL, false);
INSERT INTO cat_species (id, species, common_name, species_old, development_name, color_autumn, color_flowering, color_species, isactive) VALUES (32, 'Callistemon sp.', 'Callistemon sp.', 'CALLISTEMON sp.', 'POC', '#92d050', NULL, NULL, false);
INSERT INTO cat_species (id, species, common_name, species_old, development_name, color_autumn, color_flowering, color_species, isactive) VALUES (20, 'Albizia julibrissin', 'Acàcia taperera', 'ALBIZIA JULIBRISSIN', 'MIG', NULL, NULL, NULL, false);
INSERT INTO cat_species (id, species, common_name, species_old, development_name, color_autumn, color_flowering, color_species, isactive) VALUES (208, 'Pistacia lentiscus', 'Llentiscle', NULL, 'POC', NULL, NULL, NULL, false);
INSERT INTO cat_species (id, species, common_name, species_old, development_name, color_autumn, color_flowering, color_species, isactive) VALUES (209, 'Pistacia terebinthus', 'Terebint', NULL, 'POC', NULL, NULL, NULL, false);
INSERT INTO cat_species (id, species, common_name, species_old, development_name, color_autumn, color_flowering, color_species, isactive) VALUES (89, 'Ligustrum japonicum', 'Troana del Japó', 'LIGUSTRUM JAPONICUM', 'POC', NULL, NULL, NULL, false);
INSERT INTO cat_species (id, species, common_name, species_old, development_name, color_autumn, color_flowering, color_species, isactive) VALUES (52, 'Citrus aurantium', 'Taronger agre', 'CITRUS AURANTIUM', 'POC', '#92d050', NULL, NULL, false);
INSERT INTO cat_species (id, species, common_name, species_old, development_name, color_autumn, color_flowering, color_species, isactive) VALUES (57, 'Cupressus sempervirens ''Stricta''', 'Xiprer estret', 'CUPRESSUS SEMPERVIRENS', 'MOLT', '#92d050', NULL, NULL, false);
INSERT INTO cat_species (id, species, common_name, species_old, development_name, color_autumn, color_flowering, color_species, isactive) VALUES (61, 'Eriobotrya japonica', 'Nesprer del Japó', 'ERIOBOTRYA JAPONICA', 'POC', '#92d050', NULL, NULL, false);
INSERT INTO cat_species (id, species, common_name, species_old, development_name, color_autumn, color_flowering, color_species, isactive) VALUES (33, 'Carpinus betulus ''Fastigiata''', 'Carpí', 'CARPINUS BETULUS', 'MIG', NULL, NULL, NULL, false);
INSERT INTO cat_species (id, species, common_name, species_old, development_name, color_autumn, color_flowering, color_species, isactive) VALUES (53, 'Corylus avellana', 'Avellaner ', 'CORILUS AVELLANA', 'POC', NULL, NULL, NULL, false);
INSERT INTO cat_species (id, species, common_name, species_old, development_name, color_autumn, color_flowering, color_species, isactive) VALUES (139, 'Prunus serrulata ''Kiku-Shidare-Zakura''', 'Prunus Kiku-Shidare-Zakura', 'PRUNUS KIKU-SHIDARE-ZAKURA', 'POC', NULL, NULL, NULL, false);
INSERT INTO cat_species (id, species, common_name, species_old, development_name, color_autumn, color_flowering, color_species, isactive) VALUES (15, 'Aesculus × carnea ', 'Castanyer d''Índia rosa', NULL, 'MOLT', NULL, NULL, NULL, false);
INSERT INTO cat_species (id, species, common_name, species_old, development_name, color_autumn, color_flowering, color_species, isactive) VALUES (107, 'Morus bombycis (M. kagayamae)', 'Morera de Kagayama', NULL, 'MIG', NULL, NULL, NULL, false);
INSERT INTO cat_species (id, species, common_name, species_old, development_name, color_autumn, color_flowering, color_species, isactive) VALUES (135, 'Prunus avium', 'Cirerer comú', NULL, 'POC', NULL, NULL, NULL, false);
INSERT INTO cat_species (id, species, common_name, species_old, development_name, color_autumn, color_flowering, color_species, isactive) VALUES (145, 'Prunus subhirtella ''Autumnalis''', 'Cirerer d''hivern', NULL, 'POC', NULL, NULL, NULL, false);
INSERT INTO cat_species (id, species, common_name, species_old, development_name, color_autumn, color_flowering, color_species, isactive) VALUES (141, 'Prunus serrulata ''Sunset bulevard'' ', 'Prunus de flor ''Sunset bulevard'' ', NULL, 'POC', NULL, NULL, NULL, false);
INSERT INTO cat_species (id, species, common_name, species_old, development_name, color_autumn, color_flowering, color_species, isactive) VALUES (216, 'ZZ_SOCA', NULL, NULL, NULL, NULL, NULL, NULL, false);
INSERT INTO cat_species (id, species, common_name, species_old, development_name, color_autumn, color_flowering, color_species, isactive) VALUES (29, 'Brachychiton populneus', 'Arbre ampolla', 'BRACHYCHITON POPULNEUM', 'MOLT', '#92d050', NULL, NULL, false);
INSERT INTO cat_species (id, species, common_name, species_old, development_name, color_autumn, color_flowering, color_species, isactive) VALUES (16, 'Chamaerops humilis', 'Margalló', NULL, 'PALMERES', NULL, NULL, NULL, false);
INSERT INTO cat_species (id, species, common_name, species_old, development_name, color_autumn, color_flowering, color_species, isactive) VALUES (63, 'Eucalyptus globulus', 'Eucaliptus', 'EUCALYPTUS GLOBULUS', 'MOLT', '#d9e1f2', NULL, NULL, false);
INSERT INTO cat_species (id, species, common_name, species_old, development_name, color_autumn, color_flowering, color_species, isactive) VALUES (199, 'Zelkova serrata ''Flekova'' GREEN VASE', 'Zelkova del Japó Green Vase', NULL, 'MOLT', NULL, NULL, NULL, false);
INSERT INTO cat_species (id, species, common_name, species_old, development_name, color_autumn, color_flowering, color_species, isactive) VALUES (18, 'Crataegus laevigata ''Paul''s Scarlet''', 'Espinalb centreeuropeu', NULL, 'POC', NULL, NULL, NULL, false);
INSERT INTO cat_species (id, species, common_name, species_old, development_name, color_autumn, color_flowering, color_species, isactive) VALUES (191, 'Tilia tomentosa', 'Tell argentat', NULL, 'MOLT', NULL, NULL, NULL, false);
INSERT INTO cat_species (id, species, common_name, species_old, development_name, color_autumn, color_flowering, color_species, isactive) VALUES (155, 'Quercus robur', 'Roure pènol ', 'QUERCUS ROBUR', 'MOLT', NULL, NULL, NULL, false);
INSERT INTO cat_species (id, species, common_name, species_old, development_name, color_autumn, color_flowering, color_species, isactive) VALUES (110, 'Olea europaea', 'Olivera', 'OLEA EUROPAEA', 'POC', NULL, NULL, NULL, false);
INSERT INTO cat_species (id, species, common_name, species_old, development_name, color_autumn, color_flowering, color_species, isactive) VALUES (69, 'Fraxinus angustifolia ', 'Freixe de fulla petita', 'FRAXINUS ANGUSTIFOLIA', 'MOLT', NULL, NULL, NULL, false);
INSERT INTO cat_species (id, species, common_name, species_old, development_name, color_autumn, color_flowering, color_species, isactive) VALUES (71, 'Fraxinus excelsior', 'Freixe de fulla gran', 'FRAXINUS EXCELSIOR', 'MOLT', NULL, NULL, NULL, false);
INSERT INTO cat_species (id, species, common_name, species_old, development_name, color_autumn, color_flowering, color_species, isactive) VALUES (82, 'Juglans regia', 'Noguera', 'JUGLANS REGIA', 'MOLT', NULL, NULL, NULL, false);
INSERT INTO cat_species (id, species, common_name, species_old, development_name, color_autumn, color_flowering, color_species, isactive) VALUES (72, 'Fraxinus ornus', 'Freixe de flor', 'FRAXINUS ORNUS', 'MOLT', NULL, NULL, NULL, false);
INSERT INTO cat_species (id, species, common_name, species_old, development_name, color_autumn, color_flowering, color_species, isactive) VALUES (56, 'Cupressus glabra', 'Cupressus glabra', 'CUPRESSUS GLABRA', 'MOLT', '#9bc2e6', NULL, NULL, false);
INSERT INTO cat_species (id, species, common_name, species_old, development_name, color_autumn, color_flowering, color_species, isactive) VALUES (142, 'Prunus Serrulata ''Taizo'' ', 'Prunus de flor Taizo', NULL, 'POC', NULL, NULL, NULL, false);
INSERT INTO cat_species (id, species, common_name, species_old, development_name, color_autumn, color_flowering, color_species, isactive) VALUES (60, 'Elaeagnus angustifolia', 'Arbre argentat', 'ELAEAGNUS ANGUSTIFOLIA', 'MIG', NULL, NULL, NULL, false);
INSERT INTO cat_species (id, species, common_name, species_old, development_name, color_autumn, color_flowering, color_species, isactive) VALUES (138, 'Prunus dulcis (P. amygdalus)', 'Ametller', 'PRUNUS DULCIS', 'POC', NULL, NULL, NULL, false);
INSERT INTO cat_species (id, species, common_name, species_old, development_name, color_autumn, color_flowering, color_species, isactive) VALUES (78, 'Grevillea robusta', 'Grevíl·lea', 'GREVILLEA ROBUSTA', 'MOLT', NULL, NULL, NULL, false);
INSERT INTO cat_species (id, species, common_name, species_old, development_name, color_autumn, color_flowering, color_species, isactive) VALUES (65, 'Fagus sylvatica ''Atropurpurea'' ', 'Faig purpuri', 'FAGUS SYLVATICA PURPUREA', 'MOLT', NULL, NULL, NULL, false);
INSERT INTO cat_species (id, species, common_name, species_old, development_name, color_autumn, color_flowering, color_species, isactive) VALUES (12, 'Acer saccharinum', 'Erable argentat', 'ACER SACCHARINUM', 'MIG', NULL, NULL, NULL, false);
INSERT INTO cat_species (id, species, common_name, species_old, development_name, color_autumn, color_flowering, color_species, isactive) VALUES (46, 'Cercis canadensis', 'Arbre de l''amor del Canadà', 'CERCIS CANADIENSIS', 'MIG', NULL, NULL, NULL, false);
INSERT INTO cat_species (id, species, common_name, species_old, development_name, color_autumn, color_flowering, color_species, isactive) VALUES (9, 'Acer platanoides', 'Erable', 'ACER PLATANOIDES', 'MIG', NULL, NULL, NULL, false);
INSERT INTO cat_species (id, species, common_name, species_old, development_name, color_autumn, color_flowering, color_species, isactive) VALUES (164, 'Washingtonia robusta', 'Washingtònia de Mèxic', 'SABAL MINOR, WASHINGTONIA ROBUSTA', 'PALMERES', NULL, NULL, NULL, false);
INSERT INTO cat_species (id, species, common_name, species_old, development_name, color_autumn, color_flowering, color_species, isactive) VALUES (42, 'Celtis australis', 'Lledoner', 'CELTIS AUSTRALIS', 'MOLT', NULL, NULL, NULL, false);
INSERT INTO cat_species (id, species, common_name, species_old, development_name, color_autumn, color_flowering, color_species, isactive) VALUES (127, 'Populus nigra ''Italica''', 'Pollancre gavatx', 'POPULUS, POPULUS NIGRA, POPULUS NIGRA ITALICA', 'MOLT', NULL, NULL, NULL, false);
INSERT INTO cat_species (id, species, common_name, species_old, development_name, color_autumn, color_flowering, color_species, isactive) VALUES (194, 'Trachycarpus fortunei', 'Palmera excelsa', 'TRACHYCARPUS FORTUNEI', 'PALMERES', NULL, NULL, NULL, false);
INSERT INTO cat_species (id, species, common_name, species_old, development_name, color_autumn, color_flowering, color_species, isactive) VALUES (212, 'Phillyrea latifolia', 'Aladern de fulla ', NULL, 'POC', NULL, NULL, NULL, false);
INSERT INTO cat_species (id, species, common_name, species_old, development_name, color_autumn, color_flowering, color_species, isactive) VALUES (213, 'Prunus × yedoensis', 'Prunera de flor yedoensis', NULL, 'POC', NULL, NULL, NULL, false);
INSERT INTO cat_species (id, species, common_name, species_old, development_name, color_autumn, color_flowering, color_species, isactive) VALUES (37, 'Casuarina equisetifolia', 'Casuarina Equisetifolia', 'CASUARINA EQUISETIFOLIA', 'MOLT', '#548235', NULL, NULL, false);
INSERT INTO cat_species (id, species, common_name, species_old, development_name, color_autumn, color_flowering, color_species, isactive) VALUES (39, 'Cedrus atlantica f. glauca', 'Cedre de l''Atlas blau', 'CEDRUS ATLANTICA GLAUCA', 'MOLT', '#bdd7ee', NULL, NULL, false);
INSERT INTO cat_species (id, species, common_name, species_old, development_name, color_autumn, color_flowering, color_species, isactive) VALUES (186, 'Tilia cordata', 'Tell de fulla petita', 'TILIA SP. HIBRID', 'MOLT', NULL, NULL, NULL, false);
INSERT INTO cat_species (id, species, common_name, species_old, development_name, color_autumn, color_flowering, color_species, isactive) VALUES (196, 'Ulmus pumila ', 'Om de Sibèria', 'ULMUS PUMILA', 'MOLT', NULL, NULL, NULL, false);
INSERT INTO cat_species (id, species, common_name, species_old, development_name, color_autumn, color_flowering, color_species, isactive) VALUES (215, 'Pyrus communis', 'Perera', NULL, 'POC', NULL, NULL, NULL, false);
INSERT INTO cat_species (id, species, common_name, species_old, development_name, color_autumn, color_flowering, color_species, isactive) VALUES (129, 'Populus alba', 'Àlber', NULL, 'MOLT', NULL, NULL, NULL, false);
INSERT INTO cat_species (id, species, common_name, species_old, development_name, color_autumn, color_flowering, color_species, isactive) VALUES (27, 'Betula pendula', 'Bedoll comú', 'BETULA PENDULA', 'MIG', NULL, NULL, NULL, false);
INSERT INTO cat_species (id, species, common_name, species_old, development_name, color_autumn, color_flowering, color_species, isactive) VALUES (184, 'Thuja', 'Tuja', 'THUJA', 'MIG', NULL, NULL, NULL, false);
INSERT INTO cat_species (id, species, common_name, species_old, development_name, color_autumn, color_flowering, color_species, isactive) VALUES (1, 'Abies Alba', 'Avet', 'ABIES ALBA', 'MOLT', '#548235', NULL, NULL, true);


INSERT INTO cat_mu (id, location_id, species_id, work_id) VALUES (1457, 100128, 124, 3);
INSERT INTO cat_mu (id, location_id, species_id, work_id) VALUES (1431, 90177, 130, 6);
INSERT INTO cat_mu (id, location_id, species_id, work_id) VALUES (1447, 100126, 69, 6);
INSERT INTO cat_mu (id, location_id, species_id, work_id) VALUES (1456, 100127, 124, 4);
INSERT INTO cat_mu (id, location_id, species_id, work_id) VALUES (1638, 90103, 104, 3);
INSERT INTO cat_mu (id, location_id, species_id, work_id) VALUES (507, 90038, 124, 4);
INSERT INTO cat_mu (id, location_id, species_id, work_id) VALUES (1665, 90095, 196, 6);
INSERT INTO cat_mu (id, location_id, species_id, work_id) VALUES (543, 90059, 102, 6);
INSERT INTO cat_mu (id, location_id, species_id, work_id) VALUES (657, 90108, 95, 5);
INSERT INTO cat_mu (id, location_id, species_id, work_id) VALUES (1675, 90088, 124, 6);
INSERT INTO cat_mu (id, location_id, species_id, work_id) VALUES (109, 100110, 133, 3);
INSERT INTO cat_mu (id, location_id, species_id, work_id) VALUES (1843, 4, 124, 6);
INSERT INTO cat_mu (id, location_id, species_id, work_id) VALUES (1850, 7, 124, 3);
INSERT INTO cat_mu (id, location_id, species_id, work_id) VALUES (1674, 90058, 174, 6);
INSERT INTO cat_mu (id, location_id, species_id, work_id) VALUES (271, 288, 63, 6);
INSERT INTO cat_mu (id, location_id, species_id, work_id) VALUES (1493, 90131, 43, 6);
INSERT INTO cat_mu (id, location_id, species_id, work_id) VALUES (2092, NULL, NULL, 6);
INSERT INTO cat_mu (id, location_id, species_id, work_id) VALUES (1852, 5, 133, 3);
INSERT INTO cat_mu (id, location_id, species_id, work_id) VALUES (377, 298, 116, 7);
INSERT INTO cat_mu (id, location_id, species_id, work_id) VALUES (1668, 90095, 104, 3);
INSERT INTO cat_mu (id, location_id, species_id, work_id) VALUES (1853, 6, 8, 3);
INSERT INTO cat_mu (id, location_id, species_id, work_id) VALUES (567, 90080, 122, 6);
INSERT INTO cat_mu (id, location_id, species_id, work_id) VALUES (570, 90083, 174, 6);
INSERT INTO cat_mu (id, location_id, species_id, work_id) VALUES (1495, 90116, 43, 6);
INSERT INTO cat_mu (id, location_id, species_id, work_id) VALUES (1642, 90103, 196, 6);
INSERT INTO cat_mu (id, location_id, species_id, work_id) VALUES (1854, 6, 127, 3);
INSERT INTO cat_mu (id, location_id, species_id, work_id) VALUES (564, 90070, 171, 6);
INSERT INTO cat_mu (id, location_id, species_id, work_id) VALUES (1643, 90093, 104, 3);
INSERT INTO cat_mu (id, location_id, species_id, work_id) VALUES (929, 90191, 89, 5);
INSERT INTO cat_mu (id, location_id, species_id, work_id) VALUES (1662, 295, 124, 6);
INSERT INTO cat_mu (id, location_id, species_id, work_id) VALUES (1653, 295, 104, 3);
INSERT INTO cat_mu (id, location_id, species_id, work_id) VALUES (1645, 90093, 196, 6);
INSERT INTO cat_mu (id, location_id, species_id, work_id) VALUES (334, 294, 192, 4);
INSERT INTO cat_mu (id, location_id, species_id, work_id) VALUES (1914, 90154, 107, 6);
INSERT INTO cat_mu (id, location_id, species_id, work_id) VALUES (300, 293, 122, 6);
INSERT INTO cat_mu (id, location_id, species_id, work_id) VALUES (332, 294, 186, 6);
INSERT INTO cat_mu (id, location_id, species_id, work_id) VALUES (336, 294, 196, 6);
INSERT INTO cat_mu (id, location_id, species_id, work_id) VALUES (386, 299, 124, 6);
INSERT INTO cat_mu (id, location_id, species_id, work_id) VALUES (398, 305, 124, 3);
INSERT INTO cat_mu (id, location_id, species_id, work_id) VALUES (443, 90008, 174, 6);
INSERT INTO cat_mu (id, location_id, species_id, work_id) VALUES (451, 90012, 174, 6);
INSERT INTO cat_mu (id, location_id, species_id, work_id) VALUES (453, 90014, 122, 6);
INSERT INTO cat_mu (id, location_id, species_id, work_id) VALUES (455, 90014, 174, 6);
INSERT INTO cat_mu (id, location_id, species_id, work_id) VALUES (457, 90015, 124, 6);
INSERT INTO cat_mu (id, location_id, species_id, work_id) VALUES (469, 90020, 122, 6);
INSERT INTO cat_mu (id, location_id, species_id, work_id) VALUES (491, 90030, 43, 6);
INSERT INTO cat_mu (id, location_id, species_id, work_id) VALUES (544, 90059, 175, 3);
INSERT INTO cat_mu (id, location_id, species_id, work_id) VALUES (554, 90068, 102, 4);
INSERT INTO cat_mu (id, location_id, species_id, work_id) VALUES (555, 90068, 124, 3);
INSERT INTO cat_mu (id, location_id, species_id, work_id) VALUES (588, 90087, 174, 6);
INSERT INTO cat_mu (id, location_id, species_id, work_id) VALUES (692, 90120, 175, 3);
INSERT INTO cat_mu (id, location_id, species_id, work_id) VALUES (719, 90127, 175, 3);
INSERT INTO cat_mu (id, location_id, species_id, work_id) VALUES (734, 90128, 175, 3);
INSERT INTO cat_mu (id, location_id, species_id, work_id) VALUES (749, 90130, 122, 6);
INSERT INTO cat_mu (id, location_id, species_id, work_id) VALUES (806, 90161, 57, 5);
INSERT INTO cat_mu (id, location_id, species_id, work_id) VALUES (550, 90060, 48, 6);
INSERT INTO cat_mu (id, location_id, species_id, work_id) VALUES (622, 90098, 196, 6);
INSERT INTO cat_mu (id, location_id, species_id, work_id) VALUES (780, 90135, 196, 6);
INSERT INTO cat_mu (id, location_id, species_id, work_id) VALUES (488, 90030, 196, 6);
INSERT INTO cat_mu (id, location_id, species_id, work_id) VALUES (522, 90047, 43, 6);
INSERT INTO cat_mu (id, location_id, species_id, work_id) VALUES (763, 90131, 196, 6);
INSERT INTO cat_mu (id, location_id, species_id, work_id) VALUES (813, 90163, 124, 3);
INSERT INTO cat_mu (id, location_id, species_id, work_id) VALUES (497, 90035, 124, 4);
INSERT INTO cat_mu (id, location_id, species_id, work_id) VALUES (888, 90176, 121, 6);
INSERT INTO cat_mu (id, location_id, species_id, work_id) VALUES (513, 90039, 89, 5);
INSERT INTO cat_mu (id, location_id, species_id, work_id) VALUES (902, 90179, 130, 6);
INSERT INTO cat_mu (id, location_id, species_id, work_id) VALUES (915, 90186, 122, 6);
INSERT INTO cat_mu (id, location_id, species_id, work_id) VALUES (921, 90187, 122, 6);
INSERT INTO cat_mu (id, location_id, species_id, work_id) VALUES (1005, 90208, 147, 6);
INSERT INTO cat_mu (id, location_id, species_id, work_id) VALUES (938, 90198, 124, 3);
INSERT INTO cat_mu (id, location_id, species_id, work_id) VALUES (1008, 90209, 124, 3);
INSERT INTO cat_mu (id, location_id, species_id, work_id) VALUES (1046, 90220, 124, 3);
INSERT INTO cat_mu (id, location_id, species_id, work_id) VALUES (1049, 90221, 124, 3);
INSERT INTO cat_mu (id, location_id, species_id, work_id) VALUES (1078, 90238, 124, 3);
INSERT INTO cat_mu (id, location_id, species_id, work_id) VALUES (1088, 90245, 174, 4);
INSERT INTO cat_mu (id, location_id, species_id, work_id) VALUES (1089, 90246, 124, 3);
INSERT INTO cat_mu (id, location_id, species_id, work_id) VALUES (1091, 90248, 124, 3);
INSERT INTO cat_mu (id, location_id, species_id, work_id) VALUES (1034, 90217, 124, 3);
INSERT INTO cat_mu (id, location_id, species_id, work_id) VALUES (1096, 90253, 124, 3);
INSERT INTO cat_mu (id, location_id, species_id, work_id) VALUES (565, 90071, 89, 5);
INSERT INTO cat_mu (id, location_id, species_id, work_id) VALUES (1, 100101, 122, 6);
INSERT INTO cat_mu (id, location_id, species_id, work_id) VALUES (4, 100101, 196, 6);
INSERT INTO cat_mu (id, location_id, species_id, work_id) VALUES (12, 100102, 42, 6);
INSERT INTO cat_mu (id, location_id, species_id, work_id) VALUES (7, 100102, 124, 6);
INSERT INTO cat_mu (id, location_id, species_id, work_id) VALUES (9, 100102, 186, 6);
INSERT INTO cat_mu (id, location_id, species_id, work_id) VALUES (6, 100102, 119, 6);
INSERT INTO cat_mu (id, location_id, species_id, work_id) VALUES (617, 90098, 104, 3);
INSERT INTO cat_mu (id, location_id, species_id, work_id) VALUES (720, 90127, 179, 3);
INSERT INTO cat_mu (id, location_id, species_id, work_id) VALUES (1014, 90210, 124, 3);
INSERT INTO cat_mu (id, location_id, species_id, work_id) VALUES (1020, 90212, 124, 3);
INSERT INTO cat_mu (id, location_id, species_id, work_id) VALUES (1056, 90229, 124, 3);
INSERT INTO cat_mu (id, location_id, species_id, work_id) VALUES (1169, 90272, 196, 6);
INSERT INTO cat_mu (id, location_id, species_id, work_id) VALUES (1094, 90250, 102, 6);
INSERT INTO cat_mu (id, location_id, species_id, work_id) VALUES (1090, 90247, 102, 6);
INSERT INTO cat_mu (id, location_id, species_id, work_id) VALUES (1024, 90213, 124, 6);
INSERT INTO cat_mu (id, location_id, species_id, work_id) VALUES (81, 100107, 133, 3);
INSERT INTO cat_mu (id, location_id, species_id, work_id) VALUES (1054, 90226, 124, 3);
INSERT INTO cat_mu (id, location_id, species_id, work_id) VALUES (87, 100108, 124, 2);
INSERT INTO cat_mu (id, location_id, species_id, work_id) VALUES (176, 100116, 196, 6);
INSERT INTO cat_mu (id, location_id, species_id, work_id) VALUES (206, 100121, 124, 6);
INSERT INTO cat_mu (id, location_id, species_id, work_id) VALUES (318, 294, 12, 6);
INSERT INTO cat_mu (id, location_id, species_id, work_id) VALUES (327, 294, 162, 6);
INSERT INTO cat_mu (id, location_id, species_id, work_id) VALUES (547, 90060, 104, 3);
INSERT INTO cat_mu (id, location_id, species_id, work_id) VALUES (548, 90060, 105, 6);
INSERT INTO cat_mu (id, location_id, species_id, work_id) VALUES (789, 90140, 95, 6);
INSERT INTO cat_mu (id, location_id, species_id, work_id) VALUES (811, 90162, 8, 3);
INSERT INTO cat_mu (id, location_id, species_id, work_id) VALUES (913, 90186, 104, 3);
INSERT INTO cat_mu (id, location_id, species_id, work_id) VALUES (959, 90201, 8, 3);
INSERT INTO cat_mu (id, location_id, species_id, work_id) VALUES (3, 100101, 154, 6);
INSERT INTO cat_mu (id, location_id, species_id, work_id) VALUES (85, 100108, 104, 3);
INSERT INTO cat_mu (id, location_id, species_id, work_id) VALUES (123, 100113, 104, 3);
INSERT INTO cat_mu (id, location_id, species_id, work_id) VALUES (311, 293, 60, 6);
INSERT INTO cat_mu (id, location_id, species_id, work_id) VALUES (893, 90176, 76, 4);
INSERT INTO cat_mu (id, location_id, species_id, work_id) VALUES (1423, 90178, 130, 6);
INSERT INTO cat_mu (id, location_id, species_id, work_id) VALUES (27, 100104, 121, 6);
INSERT INTO cat_mu (id, location_id, species_id, work_id) VALUES (146, 100114, 133, 3);
INSERT INTO cat_mu (id, location_id, species_id, work_id) VALUES (77, 100107, 104, 3);
INSERT INTO cat_mu (id, location_id, species_id, work_id) VALUES (78, 100107, 105, 3);
INSERT INTO cat_mu (id, location_id, species_id, work_id) VALUES (247, 100126, 186, 6);
INSERT INTO cat_mu (id, location_id, species_id, work_id) VALUES (351, 294, 8, 6);
INSERT INTO cat_mu (id, location_id, species_id, work_id) VALUES (432, 90002, 104, 3);
INSERT INTO cat_mu (id, location_id, species_id, work_id) VALUES (466, 90019, 178, 3);
INSERT INTO cat_mu (id, location_id, species_id, work_id) VALUES (467, 90019, 179, 3);
INSERT INTO cat_mu (id, location_id, species_id, work_id) VALUES (478, 90030, 104, 3);
INSERT INTO cat_mu (id, location_id, species_id, work_id) VALUES (506, 90038, 104, 3);
INSERT INTO cat_mu (id, location_id, species_id, work_id) VALUES (433, 90004, 124, 6);
INSERT INTO cat_mu (id, location_id, species_id, work_id) VALUES (514, 90042, 105, 4);
INSERT INTO cat_mu (id, location_id, species_id, work_id) VALUES (520, 90047, 179, 3);
INSERT INTO cat_mu (id, location_id, species_id, work_id) VALUES (525, 90049, 179, 3);
INSERT INTO cat_mu (id, location_id, species_id, work_id) VALUES (10, 100102, 202, 6);
INSERT INTO cat_mu (id, location_id, species_id, work_id) VALUES (553, 90062, 89, 5);
INSERT INTO cat_mu (id, location_id, species_id, work_id) VALUES (798, 90154, 104, 3);
INSERT INTO cat_mu (id, location_id, species_id, work_id) VALUES (812, 90162, 89, 5);
INSERT INTO cat_mu (id, location_id, species_id, work_id) VALUES (675, 90117, 76, 6);
INSERT INTO cat_mu (id, location_id, species_id, work_id) VALUES (1018, 90211, 124, 3);
INSERT INTO cat_mu (id, location_id, species_id, work_id) VALUES (545, 90059, 179, 6);
INSERT INTO cat_mu (id, location_id, species_id, work_id) VALUES (333, 294, 190, 6);
INSERT INTO cat_mu (id, location_id, species_id, work_id) VALUES (495, 90032, 89, 5);
INSERT INTO cat_mu (id, location_id, species_id, work_id) VALUES (799, 90154, 105, 3);
INSERT INTO cat_mu (id, location_id, species_id, work_id) VALUES (439, 90006, 104, 3);
INSERT INTO cat_mu (id, location_id, species_id, work_id) VALUES (697, 90120, 43, 6);
INSERT INTO cat_mu (id, location_id, species_id, work_id) VALUES (866, 90172, 89, 5);
INSERT INTO cat_mu (id, location_id, species_id, work_id) VALUES (762, 90131, 175, 3);
INSERT INTO cat_mu (id, location_id, species_id, work_id) VALUES (829, 90167, 122, 6);
INSERT INTO cat_mu (id, location_id, species_id, work_id) VALUES (871, 90174, 122, 6);
INSERT INTO cat_mu (id, location_id, species_id, work_id) VALUES (908, 90180, 122, 6);
INSERT INTO cat_mu (id, location_id, species_id, work_id) VALUES (856, 90172, 162, 6);
INSERT INTO cat_mu (id, location_id, species_id, work_id) VALUES (1030, 90216, 121, 6);
INSERT INTO cat_mu (id, location_id, species_id, work_id) VALUES (1031, 90216, 122, 6);
INSERT INTO cat_mu (id, location_id, species_id, work_id) VALUES (906, 90179, 89, 5);
INSERT INTO cat_mu (id, location_id, species_id, work_id) VALUES (1055, 90229, 122, 6);
INSERT INTO cat_mu (id, location_id, species_id, work_id) VALUES (920, 90187, 104, 6);
INSERT INTO cat_mu (id, location_id, species_id, work_id) VALUES (926, 90191, 104, 3);
INSERT INTO cat_mu (id, location_id, species_id, work_id) VALUES (15, 100103, 122, 6);
INSERT INTO cat_mu (id, location_id, species_id, work_id) VALUES (16, 100103, 127, 6);
INSERT INTO cat_mu (id, location_id, species_id, work_id) VALUES (851, 90172, 116, 7);
INSERT INTO cat_mu (id, location_id, species_id, work_id) VALUES (887, 90175, 164, 7);
INSERT INTO cat_mu (id, location_id, species_id, work_id) VALUES (13, 100102, 8, 6);
INSERT INTO cat_mu (id, location_id, species_id, work_id) VALUES (11, 100102, 38, 6);
INSERT INTO cat_mu (id, location_id, species_id, work_id) VALUES (5, 100102, 105, 6);
INSERT INTO cat_mu (id, location_id, species_id, work_id) VALUES (1435, 90161, 104, 3);
INSERT INTO cat_mu (id, location_id, species_id, work_id) VALUES (571, 90084, 104, 3);
INSERT INTO cat_mu (id, location_id, species_id, work_id) VALUES (618, 90098, 105, 3);
INSERT INTO cat_mu (id, location_id, species_id, work_id) VALUES (875, 90174, 196, 6);
INSERT INTO cat_mu (id, location_id, species_id, work_id) VALUES (832, 90167, 192, 4);
INSERT INTO cat_mu (id, location_id, species_id, work_id) VALUES (678, 90118, 196, 6);
INSERT INTO cat_mu (id, location_id, species_id, work_id) VALUES (773, 90134, 12, 6);
INSERT INTO cat_mu (id, location_id, species_id, work_id) VALUES (30, 100105, 115, 7);
INSERT INTO cat_mu (id, location_id, species_id, work_id) VALUES (1064, 90230, 8, 3);
INSERT INTO cat_mu (id, location_id, species_id, work_id) VALUES (1084, 90241, 89, 5);
INSERT INTO cat_mu (id, location_id, species_id, work_id) VALUES (1081, 90239, 8, 3);
INSERT INTO cat_mu (id, location_id, species_id, work_id) VALUES (1087, 90242, 89, 5);
INSERT INTO cat_mu (id, location_id, species_id, work_id) VALUES (2, 100101, 153, 6);
INSERT INTO cat_mu (id, location_id, species_id, work_id) VALUES (17, 100103, 138, 6);
INSERT INTO cat_mu (id, location_id, species_id, work_id) VALUES (18, 100103, 144, 6);
INSERT INTO cat_mu (id, location_id, species_id, work_id) VALUES (14, 100103, 104, 6);
INSERT INTO cat_mu (id, location_id, species_id, work_id) VALUES (101, 100110, 104, 3);
INSERT INTO cat_mu (id, location_id, species_id, work_id) VALUES (162, 100116, 104, 3);
INSERT INTO cat_mu (id, location_id, species_id, work_id) VALUES (192, 100117, 104, 3);
INSERT INTO cat_mu (id, location_id, species_id, work_id) VALUES (204, 100121, 104, 3);
INSERT INTO cat_mu (id, location_id, species_id, work_id) VALUES (1567, 90202, 84, 6);
INSERT INTO cat_mu (id, location_id, species_id, work_id) VALUES (218, 100122, 104, 3);
INSERT INTO cat_mu (id, location_id, species_id, work_id) VALUES (2446, 12, 48, 6);
INSERT INTO cat_mu (id, location_id, species_id, work_id) VALUES (2447, 18, 124, 6);
INSERT INTO cat_mu (id, location_id, species_id, work_id) VALUES (2448, NULL, 124, 6);
INSERT INTO cat_mu (id, location_id, species_id, work_id) VALUES (2449, 17, 124, 6);
INSERT INTO cat_mu (id, location_id, species_id, work_id) VALUES (2450, 22, 104, 6);
INSERT INTO cat_mu (id, location_id, species_id, work_id) VALUES (2451, 22, 11, 6);
INSERT INTO cat_mu (id, location_id, species_id, work_id) VALUES (2452, 22, 17, 6);
INSERT INTO cat_mu (id, location_id, species_id, work_id) VALUES (2453, 22, 73, 6);
INSERT INTO cat_mu (id, location_id, species_id, work_id) VALUES (2454, 11, 17, 6);
INSERT INTO cat_mu (id, location_id, species_id, work_id) VALUES (2455, 11, 25, 6);
INSERT INTO cat_mu (id, location_id, species_id, work_id) VALUES (2456, 14, 117, 6);
INSERT INTO cat_mu (id, location_id, species_id, work_id) VALUES (2457, 15, 179, 6);
INSERT INTO cat_mu (id, location_id, species_id, work_id) VALUES (2458, 24, 162, 6);
INSERT INTO cat_mu (id, location_id, species_id, work_id) VALUES (2459, 24, 130, 6);
INSERT INTO cat_mu (id, location_id, species_id, work_id) VALUES (2460, 24, 8, 6);
INSERT INTO cat_mu (id, location_id, species_id, work_id) VALUES (2461, 24, 124, 6);
INSERT INTO cat_mu (id, location_id, species_id, work_id) VALUES (2462, 21, 8, 6);
INSERT INTO cat_mu (id, location_id, species_id, work_id) VALUES (2463, 21, 130, 6);
INSERT INTO cat_mu (id, location_id, species_id, work_id) VALUES (2464, 19, 8, 6);
INSERT INTO cat_mu (id, location_id, species_id, work_id) VALUES (2465, 19, 211, 6);
INSERT INTO cat_mu (id, location_id, species_id, work_id) VALUES (2466, 19, 6, 6);
INSERT INTO cat_mu (id, location_id, species_id, work_id) VALUES (2467, 23, 133, 6);
INSERT INTO cat_mu (id, location_id, species_id, work_id) VALUES (2468, 23, 117, 6);
INSERT INTO cat_mu (id, location_id, species_id, work_id) VALUES (2469, 13, 25, 6);
INSERT INTO cat_mu (id, location_id, species_id, work_id) VALUES (2470, 16, 117, 6);
INSERT INTO cat_mu (id, location_id, species_id, work_id) VALUES (2471, 20, 8, 6);

INSERT INTO cat_size (id, name) VALUES (1, 'petit');
INSERT INTO cat_size (id, name) VALUES (2, 'mitjà');
INSERT INTO cat_size (id, name) VALUES (3, 'gran');
INSERT INTO cat_size (id, name) VALUES (4, 'exemplar');



INSERT INTO cat_work (id, name, parameter_id) VALUES (1, 'Poda de formació', 'poda_formacio');
INSERT INTO cat_work (id, name, parameter_id) VALUES (2, 'Poda de reformació', 'poda_reformacio');
INSERT INTO cat_work (id, name, parameter_id) VALUES (3, 'Poda de brocada llarga', 'poda_brocada_llarga');
INSERT INTO cat_work (id, name, parameter_id) VALUES (4, 'Poda de reducció de capçada', 'poda_reduccio_capcada');
INSERT INTO cat_work (id, name, parameter_id) VALUES (5, 'Poda de retall', 'poda_retall');
INSERT INTO cat_work (id, name, parameter_id) VALUES (6, 'Poda de manteniment', 'poda_manteniment');
INSERT INTO cat_work (id, name, parameter_id) VALUES (7, 'Poda de palmera', 'poda_palmera');
INSERT INTO cat_work (id, name, parameter_id) VALUES (8, 'Neteja estipit', 'neteja_estipit');
INSERT INTO cat_work (id, name, parameter_id) VALUES (9, 'Tala', 'tala');
INSERT INTO cat_work (id, name, parameter_id) VALUES (10, 'Destoconar', 'destoconar');
INSERT INTO cat_work (id, name, parameter_id) VALUES (11, 'Reg', 'reg');
INSERT INTO cat_work (id, name, parameter_id) VALUES (12, 'Plantació', 'plantacio');
INSERT INTO cat_work (id, name, parameter_id) VALUES (13, 'Arrencada', 'arrencada');
INSERT INTO cat_work (id, name, parameter_id) VALUES (14, 'Inspecció fitosanitària', 'inspeccio_fitosanitaria');
INSERT INTO cat_work (id, name, parameter_id) VALUES (16, 'Alliberament OCB', 'alliberament_ocb');
INSERT INTO cat_work (id, name, parameter_id) VALUES (17, 'Poda de formació (<10)', 'poda_formacio_pocs');
INSERT INTO cat_work (id, name, parameter_id) VALUES (18, 'Poda de reformació (<10)', 'poda_reformacio_pocs');
INSERT INTO cat_work (id, name, parameter_id) VALUES (19, 'Poda de brocada llarga(<10)', 'poda_brocada_llarga_pocs');
INSERT INTO cat_work (id, name, parameter_id) VALUES (20, 'Poda de reducció de capçada (<10)', 'poda_reduccio_capcada_pocs');
INSERT INTO cat_work (id, name, parameter_id) VALUES (21, 'Poda de retall (<10)', 'poda_retall_pocs');
INSERT INTO cat_work (id, name, parameter_id) VALUES (22, 'Poda de manteniment (<10)', 'poda_manteniment_pocs');
INSERT INTO cat_work (id, name, parameter_id) VALUES (23, 'Poda de palmera (<10)', 'poda_palmera_pocs');
INSERT INTO cat_work (id, name, parameter_id) VALUES (24, 'Neteja estipit (<10)', 'neteja_estipit_pocs');
INSERT INTO cat_work (id, name, parameter_id) VALUES (25, 'Tala (<10)', 'tala_pocs');
INSERT INTO cat_work (id, name, parameter_id) VALUES (26, 'Destoconar (<10)', 'destoconar_pocs');
INSERT INTO cat_work (id, name, parameter_id) VALUES (28, 'Poda en verd', 'poda_verd');
INSERT INTO cat_work (id, name, parameter_id) VALUES (27, 'Poda en verd (<10)', 'poda_verd_pocs');
INSERT INTO cat_work (id, name, parameter_id) VALUES (29, 'Tractament fitosanitari', 'tractament_fitosanitari');



INSERT INTO cat_price (id, work_id, size_id, price, campaign_id) VALUES (1, 1, 1, 13.94, 1);
INSERT INTO cat_price (id, work_id, size_id, price, campaign_id) VALUES (2, 2, 2, 40.76, 1);
INSERT INTO cat_price (id, work_id, size_id, price, campaign_id) VALUES (3, 2, 3, 76.77, 1);
INSERT INTO cat_price (id, work_id, size_id, price, campaign_id) VALUES (4, 2, 4, 112.02, 1);
INSERT INTO cat_price (id, work_id, size_id, price, campaign_id) VALUES (5, 3, 1, 15.08, 1);
INSERT INTO cat_price (id, work_id, size_id, price, campaign_id) VALUES (6, 3, 2, 23.81, 1);
INSERT INTO cat_price (id, work_id, size_id, price, campaign_id) VALUES (7, 3, 3, 32.99, 1);
INSERT INTO cat_price (id, work_id, size_id, price, campaign_id) VALUES (8, 3, 4, 45.46, 1);
INSERT INTO cat_price (id, work_id, size_id, price, campaign_id) VALUES (9, 4, 2, 33.08, 1);
INSERT INTO cat_price (id, work_id, size_id, price, campaign_id) VALUES (10, 4, 3, 57.41, 1);
INSERT INTO cat_price (id, work_id, size_id, price, campaign_id) VALUES (11, 4, 4, 79.58, 1);
INSERT INTO cat_price (id, work_id, size_id, price, campaign_id) VALUES (12, 5, 1, 15.91, 1);
INSERT INTO cat_price (id, work_id, size_id, price, campaign_id) VALUES (13, 5, 2, 20.79, 1);
INSERT INTO cat_price (id, work_id, size_id, price, campaign_id) VALUES (14, 5, 3, 25.60, 1);
INSERT INTO cat_price (id, work_id, size_id, price, campaign_id) VALUES (15, 5, 4, 44.70, 1);
INSERT INTO cat_price (id, work_id, size_id, price, campaign_id) VALUES (16, 6, 1, 10.84, 1);
INSERT INTO cat_price (id, work_id, size_id, price, campaign_id) VALUES (17, 6, 2, 18.81, 1);
INSERT INTO cat_price (id, work_id, size_id, price, campaign_id) VALUES (18, 6, 3, 24.53, 1);
INSERT INTO cat_price (id, work_id, size_id, price, campaign_id) VALUES (19, 6, 4, 41.98, 1);
INSERT INTO cat_price (id, work_id, size_id, price, campaign_id) VALUES (20, 7, 2, 33.81, 1);
INSERT INTO cat_price (id, work_id, size_id, price, campaign_id) VALUES (21, 7, 3, 43.38, 1);
INSERT INTO cat_price (id, work_id, size_id, price, campaign_id) VALUES (22, 7, 4, 43.95, 1);
INSERT INTO cat_price (id, work_id, size_id, price, campaign_id) VALUES (23, 8, 2, 50.16, 1);
INSERT INTO cat_price (id, work_id, size_id, price, campaign_id) VALUES (24, 8, 3, 53.76, 1);
INSERT INTO cat_price (id, work_id, size_id, price, campaign_id) VALUES (25, 8, 4, 83.59, 1);
INSERT INTO cat_price (id, work_id, size_id, price, campaign_id) VALUES (26, 9, 1, 11.21, 1);
INSERT INTO cat_price (id, work_id, size_id, price, campaign_id) VALUES (27, 9, 2, 40.01, 1);
INSERT INTO cat_price (id, work_id, size_id, price, campaign_id) VALUES (28, 9, 3, 74.41, 1);
INSERT INTO cat_price (id, work_id, size_id, price, campaign_id) VALUES (29, 9, 4, 101.75, 1);
INSERT INTO cat_price (id, work_id, size_id, price, campaign_id) VALUES (30, 7, 1, NULL, 1);
INSERT INTO cat_price (id, work_id, size_id, price, campaign_id) VALUES (31, 1, 3, NULL, 1);
INSERT INTO cat_price (id, work_id, size_id, price, campaign_id) VALUES (32, 1, 2, NULL, 1);
INSERT INTO cat_price (id, work_id, size_id, price, campaign_id) VALUES (33, 4, 1, NULL, 1);
INSERT INTO cat_price (id, work_id, size_id, price, campaign_id) VALUES (34, 2, 1, NULL, 1);
INSERT INTO cat_price (id, work_id, size_id, price, campaign_id) VALUES (35, 10, 1, 24.39, 1);
INSERT INTO cat_price (id, work_id, size_id, price, campaign_id) VALUES (36, 10, 2, 37.49, 1);
INSERT INTO cat_price (id, work_id, size_id, price, campaign_id) VALUES (37, 10, 3, 45.89, 1);
INSERT INTO cat_price (id, work_id, size_id, price, campaign_id) VALUES (38, 10, 4, 54.99, 1);
INSERT INTO cat_price (id, work_id, size_id, price, campaign_id) VALUES (39, 11, 1, 3.48, 1);
INSERT INTO cat_price (id, work_id, size_id, price, campaign_id) VALUES (41, 11, 2, 3.48, 1);
INSERT INTO cat_price (id, work_id, size_id, price, campaign_id) VALUES (42, 11, 3, 3.48, 1);
INSERT INTO cat_price (id, work_id, size_id, price, campaign_id) VALUES (43, 11, 4, 3.48, 1);
INSERT INTO cat_price (id, work_id, size_id, price, campaign_id) VALUES (40, 12, 1, 85.00, 1);
INSERT INTO cat_price (id, work_id, size_id, price, campaign_id) VALUES (44, 12, 2, 85.00, 1);
INSERT INTO cat_price (id, work_id, size_id, price, campaign_id) VALUES (45, 12, 3, 85.00, 1);
INSERT INTO cat_price (id, work_id, size_id, price, campaign_id) VALUES (46, 12, 4, 85.00, 1);
INSERT INTO cat_price (id, work_id, size_id, price, campaign_id) VALUES (613, 17, 1, 21.10, 11);
INSERT INTO cat_price (id, work_id, size_id, price, campaign_id) VALUES (614, 18, 2, 60.61, 11);
INSERT INTO cat_price (id, work_id, size_id, price, campaign_id) VALUES (593, 9, 1, 26.64, 11);
INSERT INTO cat_price (id, work_id, size_id, price, campaign_id) VALUES (594, 9, 2, 57.08, 11);
INSERT INTO cat_price (id, work_id, size_id, price, campaign_id) VALUES (595, 9, 3, 100.90, 11);
INSERT INTO cat_price (id, work_id, size_id, price, campaign_id) VALUES (596, 9, 4, 137.70, 11);
INSERT INTO cat_price (id, work_id, size_id, price, campaign_id) VALUES (597, 10, 1, 38.38, 11);
INSERT INTO cat_price (id, work_id, size_id, price, campaign_id) VALUES (598, 10, 2, 57.85, 11);
INSERT INTO cat_price (id, work_id, size_id, price, campaign_id) VALUES (599, 10, 3, 70.03, 11);
INSERT INTO cat_price (id, work_id, size_id, price, campaign_id) VALUES (600, 10, 4, 82.68, 11);
INSERT INTO cat_price (id, work_id, size_id, price, campaign_id) VALUES (615, 18, 3, 115.35, 11);
INSERT INTO cat_price (id, work_id, size_id, price, campaign_id) VALUES (616, 18, 4, 173.43, 11);
INSERT INTO cat_price (id, work_id, size_id, price, campaign_id) VALUES (617, 19, 1, 22.62, 11);
INSERT INTO cat_price (id, work_id, size_id, price, campaign_id) VALUES (618, 19, 2, 35.76, 11);
INSERT INTO cat_price (id, work_id, size_id, price, campaign_id) VALUES (619, 19, 3, 49.77, 11);
INSERT INTO cat_price (id, work_id, size_id, price, campaign_id) VALUES (620, 19, 4, 73.02, 11);
INSERT INTO cat_price (id, work_id, size_id, price, campaign_id) VALUES (621, 20, 2, 42.20, 11);
INSERT INTO cat_price (id, work_id, size_id, price, campaign_id) VALUES (622, 20, 3, 79.91, 11);
INSERT INTO cat_price (id, work_id, size_id, price, campaign_id) VALUES (623, 20, 4, 123.71, 11);
INSERT INTO cat_price (id, work_id, size_id, price, campaign_id) VALUES (624, 21, 1, 24.29, 11);
INSERT INTO cat_price (id, work_id, size_id, price, campaign_id) VALUES (625, 21, 2, 30.98, 11);
INSERT INTO cat_price (id, work_id, size_id, price, campaign_id) VALUES (626, 21, 3, 38.83, 11);
INSERT INTO cat_price (id, work_id, size_id, price, campaign_id) VALUES (627, 21, 4, 69.45, 11);
INSERT INTO cat_price (id, work_id, size_id, price, campaign_id) VALUES (628, 22, 1, 16.15, 11);
INSERT INTO cat_price (id, work_id, size_id, price, campaign_id) VALUES (629, 22, 2, 28.29, 11);
INSERT INTO cat_price (id, work_id, size_id, price, campaign_id) VALUES (630, 22, 3, 37.69, 11);
INSERT INTO cat_price (id, work_id, size_id, price, campaign_id) VALUES (631, 22, 4, 64.28, 11);
INSERT INTO cat_price (id, work_id, size_id, price, campaign_id) VALUES (632, 23, 1, 51.05, 11);
INSERT INTO cat_price (id, work_id, size_id, price, campaign_id) VALUES (633, 23, 2, 65.30, 11);
INSERT INTO cat_price (id, work_id, size_id, price, campaign_id) VALUES (634, 23, 3, 98.80, 11);
INSERT INTO cat_price (id, work_id, size_id, price, campaign_id) VALUES (636, 25, 1, 31.98, 11);
INSERT INTO cat_price (id, work_id, size_id, price, campaign_id) VALUES (637, 25, 2, 68.49, 11);
INSERT INTO cat_price (id, work_id, size_id, price, campaign_id) VALUES (638, 25, 3, 121.08, 11);
INSERT INTO cat_price (id, work_id, size_id, price, campaign_id) VALUES (639, 25, 4, 165.24, 11);
INSERT INTO cat_price (id, work_id, size_id, price, campaign_id) VALUES (640, 26, 1, 46.06, 11);
INSERT INTO cat_price (id, work_id, size_id, price, campaign_id) VALUES (641, 26, 2, 69.42, 11);
INSERT INTO cat_price (id, work_id, size_id, price, campaign_id) VALUES (642, 26, 3, 84.04, 11);
INSERT INTO cat_price (id, work_id, size_id, price, campaign_id) VALUES (643, 26, 4, 99.22, 11);
INSERT INTO cat_price (id, work_id, size_id, price, campaign_id) VALUES (609, 16, 1, NULL, 11);
INSERT INTO cat_price (id, work_id, size_id, price, campaign_id) VALUES (610, 16, 2, NULL, 11);
INSERT INTO cat_price (id, work_id, size_id, price, campaign_id) VALUES (611, 16, 3, NULL, 11);
INSERT INTO cat_price (id, work_id, size_id, price, campaign_id) VALUES (612, 16, 4, NULL, 11);
INSERT INTO cat_price (id, work_id, size_id, price, campaign_id) VALUES (563, 1, 1, 17.59, 11);
INSERT INTO cat_price (id, work_id, size_id, price, campaign_id) VALUES (644, 27, 1, 31.47, 11);
INSERT INTO cat_price (id, work_id, size_id, price, campaign_id) VALUES (645, 27, 2, 53.88, 11);
INSERT INTO cat_price (id, work_id, size_id, price, campaign_id) VALUES (646, 27, 3, 73.88, 11);
INSERT INTO cat_price (id, work_id, size_id, price, campaign_id) VALUES (647, 27, 4, 123.53, 11);
INSERT INTO cat_price (id, work_id, size_id, price, campaign_id) VALUES (648, 28, 1, 26.22, 11);
INSERT INTO cat_price (id, work_id, size_id, price, campaign_id) VALUES (649, 28, 2, 44.90, 11);
INSERT INTO cat_price (id, work_id, size_id, price, campaign_id) VALUES (650, 28, 3, 61.57, 11);
INSERT INTO cat_price (id, work_id, size_id, price, campaign_id) VALUES (651, 28, 4, 102.94, 11);
INSERT INTO cat_price (id, work_id, size_id, price, campaign_id) VALUES (592, 8, 4, NULL, 11);
INSERT INTO cat_price (id, work_id, size_id, price, campaign_id) VALUES (567, 2, 2, 50.51, 11);
INSERT INTO cat_price (id, work_id, size_id, price, campaign_id) VALUES (568, 2, 3, 96.12, 11);
INSERT INTO cat_price (id, work_id, size_id, price, campaign_id) VALUES (569, 2, 4, 144.52, 11);
INSERT INTO cat_price (id, work_id, size_id, price, campaign_id) VALUES (570, 3, 1, 18.85, 11);
INSERT INTO cat_price (id, work_id, size_id, price, campaign_id) VALUES (571, 3, 2, 29.79, 11);
INSERT INTO cat_price (id, work_id, size_id, price, campaign_id) VALUES (572, 3, 3, 41.47, 11);
INSERT INTO cat_price (id, work_id, size_id, price, campaign_id) VALUES (573, 3, 4, 60.85, 11);
INSERT INTO cat_price (id, work_id, size_id, price, campaign_id) VALUES (575, 4, 2, 35.16, 11);
INSERT INTO cat_price (id, work_id, size_id, price, campaign_id) VALUES (576, 4, 3, 66.59, 11);
INSERT INTO cat_price (id, work_id, size_id, price, campaign_id) VALUES (577, 4, 4, 103.09, 11);
INSERT INTO cat_price (id, work_id, size_id, price, campaign_id) VALUES (578, 5, 1, 20.24, 11);
INSERT INTO cat_price (id, work_id, size_id, price, campaign_id) VALUES (579, 5, 2, 25.81, 11);
INSERT INTO cat_price (id, work_id, size_id, price, campaign_id) VALUES (580, 5, 3, 32.35, 11);
INSERT INTO cat_price (id, work_id, size_id, price, campaign_id) VALUES (581, 5, 4, 57.88, 11);
INSERT INTO cat_price (id, work_id, size_id, price, campaign_id) VALUES (582, 6, 1, 13.45, 11);
INSERT INTO cat_price (id, work_id, size_id, price, campaign_id) VALUES (583, 6, 2, 23.57, 11);
INSERT INTO cat_price (id, work_id, size_id, price, campaign_id) VALUES (584, 6, 3, 31.41, 11);
INSERT INTO cat_price (id, work_id, size_id, price, campaign_id) VALUES (585, 6, 4, 53.57, 11);
INSERT INTO cat_price (id, work_id, size_id, price, campaign_id) VALUES (586, 7, 1, 42.54, 11);
INSERT INTO cat_price (id, work_id, size_id, price, campaign_id) VALUES (587, 7, 2, 54.42, 11);
INSERT INTO cat_price (id, work_id, size_id, price, campaign_id) VALUES (588, 7, 3, 82.33, 11);
INSERT INTO cat_price (id, work_id, size_id, price, campaign_id) VALUES (590, 8, 2, 54.63, 11);
INSERT INTO cat_price (id, work_id, size_id, price, campaign_id) VALUES (591, 8, 3, 84.95, 11);
INSERT INTO cat_price (id, work_id, size_id, price, campaign_id) VALUES (780, 11, 1, 2.90, 13);
INSERT INTO cat_price (id, work_id, size_id, price, campaign_id) VALUES (781, 11, 2, 2.90, 13);
INSERT INTO cat_price (id, work_id, size_id, price, campaign_id) VALUES (782, 11, 3, 2.90, 13);
INSERT INTO cat_price (id, work_id, size_id, price, campaign_id) VALUES (783, 11, 4, 2.90, 13);
INSERT INTO cat_price (id, work_id, size_id, price, campaign_id) VALUES (740, 1, 1, 19.47, 13);
INSERT INTO cat_price (id, work_id, size_id, price, campaign_id) VALUES (745, 2, 2, 56.64, 13);
INSERT INTO cat_price (id, work_id, size_id, price, campaign_id) VALUES (746, 2, 3, 105.03, 13);
INSERT INTO cat_price (id, work_id, size_id, price, campaign_id) VALUES (747, 2, 4, 139.89, 13);
INSERT INTO cat_price (id, work_id, size_id, price, campaign_id) VALUES (748, 3, 1, 22.05, 13);
INSERT INTO cat_price (id, work_id, size_id, price, campaign_id) VALUES (749, 3, 2, 32.56, 13);
INSERT INTO cat_price (id, work_id, size_id, price, campaign_id) VALUES (742, 1, 3, 0.00, 13);
INSERT INTO cat_price (id, work_id, size_id, price, campaign_id) VALUES (752, 4, 1, 0.00, 13);
INSERT INTO cat_price (id, work_id, size_id, price, campaign_id) VALUES (784, 12, 1, 0.00, 13);
INSERT INTO cat_price (id, work_id, size_id, price, campaign_id) VALUES (785, 12, 2, 0.00, 13);
INSERT INTO cat_price (id, work_id, size_id, price, campaign_id) VALUES (786, 12, 3, 0.00, 13);
INSERT INTO cat_price (id, work_id, size_id, price, campaign_id) VALUES (787, 12, 4, 0.00, 13);
INSERT INTO cat_price (id, work_id, size_id, price, campaign_id) VALUES (788, 13, 1, 0.00, 13);
INSERT INTO cat_price (id, work_id, size_id, price, campaign_id) VALUES (789, 13, 2, 0.00, 13);
INSERT INTO cat_price (id, work_id, size_id, price, campaign_id) VALUES (790, 13, 3, 0.00, 13);
INSERT INTO cat_price (id, work_id, size_id, price, campaign_id) VALUES (791, 13, 4, 0.00, 13);
INSERT INTO cat_price (id, work_id, size_id, price, campaign_id) VALUES (792, 14, 1, 0.00, 13);
INSERT INTO cat_price (id, work_id, size_id, price, campaign_id) VALUES (793, 14, 2, 0.00, 13);
INSERT INTO cat_price (id, work_id, size_id, price, campaign_id) VALUES (794, 14, 3, 0.00, 13);
INSERT INTO cat_price (id, work_id, size_id, price, campaign_id) VALUES (795, 14, 4, 0.00, 13);
INSERT INTO cat_price (id, work_id, size_id, price, campaign_id) VALUES (796, 16, 1, 0.00, 13);
INSERT INTO cat_price (id, work_id, size_id, price, campaign_id) VALUES (797, 16, 2, 0.00, 13);
INSERT INTO cat_price (id, work_id, size_id, price, campaign_id) VALUES (798, 16, 3, 0.00, 13);
INSERT INTO cat_price (id, work_id, size_id, price, campaign_id) VALUES (799, 16, 4, 0.00, 13);
INSERT INTO cat_price (id, work_id, size_id, price, campaign_id) VALUES (801, 17, 2, 0.00, 13);
INSERT INTO cat_price (id, work_id, size_id, price, campaign_id) VALUES (802, 17, 3, 0.00, 13);
INSERT INTO cat_price (id, work_id, size_id, price, campaign_id) VALUES (803, 17, 4, 0.00, 13);
INSERT INTO cat_price (id, work_id, size_id, price, campaign_id) VALUES (804, 18, 1, 0.00, 13);
INSERT INTO cat_price (id, work_id, size_id, price, campaign_id) VALUES (812, 20, 1, 0.00, 13);
INSERT INTO cat_price (id, work_id, size_id, price, campaign_id) VALUES (750, 3, 3, 45.28, 13);
INSERT INTO cat_price (id, work_id, size_id, price, campaign_id) VALUES (751, 3, 4, 61.65, 13);
INSERT INTO cat_price (id, work_id, size_id, price, campaign_id) VALUES (753, 4, 2, 37.90, 13);
INSERT INTO cat_price (id, work_id, size_id, price, campaign_id) VALUES (754, 4, 3, 50.92, 13);
INSERT INTO cat_price (id, work_id, size_id, price, campaign_id) VALUES (755, 4, 4, 104.28, 13);
INSERT INTO cat_price (id, work_id, size_id, price, campaign_id) VALUES (756, 5, 1, 23.25, 13);
INSERT INTO cat_price (id, work_id, size_id, price, campaign_id) VALUES (757, 5, 2, 30.33, 13);
INSERT INTO cat_price (id, work_id, size_id, price, campaign_id) VALUES (758, 5, 3, 36.72, 13);
INSERT INTO cat_price (id, work_id, size_id, price, campaign_id) VALUES (759, 5, 4, 59.30, 13);
INSERT INTO cat_price (id, work_id, size_id, price, campaign_id) VALUES (760, 6, 1, 16.03, 13);
INSERT INTO cat_price (id, work_id, size_id, price, campaign_id) VALUES (800, 17, 1, 23.37, 13);
INSERT INTO cat_price (id, work_id, size_id, price, campaign_id) VALUES (805, 18, 2, 67.97, 13);
INSERT INTO cat_price (id, work_id, size_id, price, campaign_id) VALUES (806, 18, 3, 126.03, 13);
INSERT INTO cat_price (id, work_id, size_id, price, campaign_id) VALUES (807, 18, 4, 167.86, 13);
INSERT INTO cat_price (id, work_id, size_id, price, campaign_id) VALUES (808, 19, 1, 26.46, 13);
INSERT INTO cat_price (id, work_id, size_id, price, campaign_id) VALUES (809, 19, 2, 39.07, 13);
INSERT INTO cat_price (id, work_id, size_id, price, campaign_id) VALUES (810, 19, 3, 54.37, 13);
INSERT INTO cat_price (id, work_id, size_id, price, campaign_id) VALUES (811, 19, 4, 73.98, 13);
INSERT INTO cat_price (id, work_id, size_id, price, campaign_id) VALUES (813, 20, 2, 45.48, 13);
INSERT INTO cat_price (id, work_id, size_id, price, campaign_id) VALUES (814, 20, 3, 61.10, 13);
INSERT INTO cat_price (id, work_id, size_id, price, campaign_id) VALUES (815, 20, 4, 125.14, 13);
INSERT INTO cat_price (id, work_id, size_id, price, campaign_id) VALUES (816, 21, 1, 27.90, 13);
INSERT INTO cat_price (id, work_id, size_id, price, campaign_id) VALUES (817, 21, 2, 36.40, 13);
INSERT INTO cat_price (id, work_id, size_id, price, campaign_id) VALUES (818, 21, 3, 44.07, 13);
INSERT INTO cat_price (id, work_id, size_id, price, campaign_id) VALUES (819, 21, 4, 71.16, 13);
INSERT INTO cat_price (id, work_id, size_id, price, campaign_id) VALUES (820, 22, 1, 19.24, 13);
INSERT INTO cat_price (id, work_id, size_id, price, campaign_id) VALUES (821, 22, 2, 31.29, 13);
INSERT INTO cat_price (id, work_id, size_id, price, campaign_id) VALUES (822, 22, 3, 40.83, 13);
INSERT INTO cat_price (id, work_id, size_id, price, campaign_id) VALUES (823, 22, 4, 68.82, 13);
INSERT INTO cat_price (id, work_id, size_id, price, campaign_id) VALUES (824, 23, 1, 56.12, 13);
INSERT INTO cat_price (id, work_id, size_id, price, campaign_id) VALUES (825, 23, 2, 71.25, 13);
INSERT INTO cat_price (id, work_id, size_id, price, campaign_id) VALUES (826, 23, 3, 104.33, 13);
INSERT INTO cat_price (id, work_id, size_id, price, campaign_id) VALUES (840, 27, 1, 0.00, 13);
INSERT INTO cat_price (id, work_id, size_id, price, campaign_id) VALUES (841, 27, 2, 0.00, 13);
INSERT INTO cat_price (id, work_id, size_id, price, campaign_id) VALUES (842, 27, 3, 0.00, 13);
INSERT INTO cat_price (id, work_id, size_id, price, campaign_id) VALUES (843, 27, 4, 0.00, 13);
INSERT INTO cat_price (id, work_id, size_id, price, campaign_id) VALUES (844, 28, 1, 0.00, 13);
INSERT INTO cat_price (id, work_id, size_id, price, campaign_id) VALUES (845, 28, 2, 0.00, 13);
INSERT INTO cat_price (id, work_id, size_id, price, campaign_id) VALUES (846, 28, 3, 0.00, 13);
INSERT INTO cat_price (id, work_id, size_id, price, campaign_id) VALUES (847, 28, 4, 0.00, 13);
INSERT INTO cat_price (id, work_id, size_id, price, campaign_id) VALUES (891, 11, 2, 4.17, 14);
INSERT INTO cat_price (id, work_id, size_id, price, campaign_id) VALUES (848, 29, 1, 29.45, 13);
INSERT INTO cat_price (id, work_id, size_id, price, campaign_id) VALUES (849, 29, 2, 29.45, 13);
INSERT INTO cat_price (id, work_id, size_id, price, campaign_id) VALUES (850, 29, 3, 29.45, 13);
INSERT INTO cat_price (id, work_id, size_id, price, campaign_id) VALUES (851, 29, 4, 29.45, 13);
INSERT INTO cat_price (id, work_id, size_id, price, campaign_id) VALUES (761, 6, 2, 26.08, 13);
INSERT INTO cat_price (id, work_id, size_id, price, campaign_id) VALUES (762, 6, 3, 34.02, 13);
INSERT INTO cat_price (id, work_id, size_id, price, campaign_id) VALUES (763, 6, 4, 57.35, 13);
INSERT INTO cat_price (id, work_id, size_id, price, campaign_id) VALUES (764, 7, 1, 46.77, 13);
INSERT INTO cat_price (id, work_id, size_id, price, campaign_id) VALUES (765, 7, 2, 59.37, 13);
INSERT INTO cat_price (id, work_id, size_id, price, campaign_id) VALUES (766, 7, 3, 86.94, 13);
INSERT INTO cat_price (id, work_id, size_id, price, campaign_id) VALUES (767, 7, 4, 86.94, 13);
INSERT INTO cat_price (id, work_id, size_id, price, campaign_id) VALUES (768, 8, 1, 55.42, 13);
INSERT INTO cat_price (id, work_id, size_id, price, campaign_id) VALUES (769, 8, 2, 70.18, 13);
INSERT INTO cat_price (id, work_id, size_id, price, campaign_id) VALUES (770, 8, 3, 102.68, 13);
INSERT INTO cat_price (id, work_id, size_id, price, campaign_id) VALUES (771, 8, 4, 102.68, 13);
INSERT INTO cat_price (id, work_id, size_id, price, campaign_id) VALUES (772, 9, 1, 15.43, 13);
INSERT INTO cat_price (id, work_id, size_id, price, campaign_id) VALUES (773, 9, 2, 55.72, 13);
INSERT INTO cat_price (id, work_id, size_id, price, campaign_id) VALUES (774, 9, 3, 97.22, 13);
INSERT INTO cat_price (id, work_id, size_id, price, campaign_id) VALUES (775, 9, 4, 136.99, 13);
INSERT INTO cat_price (id, work_id, size_id, price, campaign_id) VALUES (776, 10, 1, 35.08, 13);
INSERT INTO cat_price (id, work_id, size_id, price, campaign_id) VALUES (777, 10, 2, 53.84, 13);
INSERT INTO cat_price (id, work_id, size_id, price, campaign_id) VALUES (778, 10, 3, 66.01, 13);
INSERT INTO cat_price (id, work_id, size_id, price, campaign_id) VALUES (779, 10, 4, 78.90, 13);
INSERT INTO cat_price (id, work_id, size_id, price, campaign_id) VALUES (827, 23, 4, 104.33, 13);
INSERT INTO cat_price (id, work_id, size_id, price, campaign_id) VALUES (828, 24, 1, 66.51, 13);
INSERT INTO cat_price (id, work_id, size_id, price, campaign_id) VALUES (829, 24, 2, 84.22, 13);
INSERT INTO cat_price (id, work_id, size_id, price, campaign_id) VALUES (830, 24, 3, 123.21, 13);
INSERT INTO cat_price (id, work_id, size_id, price, campaign_id) VALUES (831, 24, 4, 123.21, 13);
INSERT INTO cat_price (id, work_id, size_id, price, campaign_id) VALUES (832, 25, 1, 18.52, 13);
INSERT INTO cat_price (id, work_id, size_id, price, campaign_id) VALUES (833, 25, 2, 66.87, 13);
INSERT INTO cat_price (id, work_id, size_id, price, campaign_id) VALUES (834, 25, 3, 116.66, 13);
INSERT INTO cat_price (id, work_id, size_id, price, campaign_id) VALUES (835, 25, 4, 164.39, 13);
INSERT INTO cat_price (id, work_id, size_id, price, campaign_id) VALUES (836, 26, 1, 42.10, 13);
INSERT INTO cat_price (id, work_id, size_id, price, campaign_id) VALUES (837, 26, 2, 64.61, 13);
INSERT INTO cat_price (id, work_id, size_id, price, campaign_id) VALUES (838, 26, 3, 79.21, 13);
INSERT INTO cat_price (id, work_id, size_id, price, campaign_id) VALUES (839, 26, 4, 94.68, 13);
INSERT INTO cat_price (id, work_id, size_id, price, campaign_id) VALUES (886, 10, 1, 39.53, 14);
INSERT INTO cat_price (id, work_id, size_id, price, campaign_id) VALUES (892, 11, 3, 4.17, 14);
INSERT INTO cat_price (id, work_id, size_id, price, campaign_id) VALUES (893, 11, 4, 4.17, 14);
INSERT INTO cat_price (id, work_id, size_id, price, campaign_id) VALUES (894, 12, 1, 105.23, 14);
INSERT INTO cat_price (id, work_id, size_id, price, campaign_id) VALUES (895, 12, 2, 105.23, 14);
INSERT INTO cat_price (id, work_id, size_id, price, campaign_id) VALUES (896, 12, 3, 105.23, 14);
INSERT INTO cat_price (id, work_id, size_id, price, campaign_id) VALUES (897, 12, 4, 105.23, 14);
INSERT INTO cat_price (id, work_id, size_id, price, campaign_id) VALUES (899, 28, 1, 27.03, 14);
INSERT INTO cat_price (id, work_id, size_id, price, campaign_id) VALUES (900, 28, 2, 45.94, 14);
INSERT INTO cat_price (id, work_id, size_id, price, campaign_id) VALUES (901, 28, 3, 62.76, 14);
INSERT INTO cat_price (id, work_id, size_id, price, campaign_id) VALUES (902, 28, 4, 106.42, 14);
INSERT INTO cat_price (id, work_id, size_id, price, campaign_id) VALUES (887, 10, 2, 60.67, 14);
INSERT INTO cat_price (id, work_id, size_id, price, campaign_id) VALUES (888, 10, 3, 74.38, 14);
INSERT INTO cat_price (id, work_id, size_id, price, campaign_id) VALUES (889, 10, 4, 88.91, 14);
INSERT INTO cat_price (id, work_id, size_id, price, campaign_id) VALUES (879, 8, 2, 79.08, 14);
INSERT INTO cat_price (id, work_id, size_id, price, campaign_id) VALUES (853, 1, 2, 11.00, 14);
INSERT INTO cat_price (id, work_id, size_id, price, campaign_id) VALUES (855, 2, 1, 20.00, 14);
INSERT INTO cat_price (id, work_id, size_id, price, campaign_id) VALUES (863, 4, 1, 53.00, 14);
INSERT INTO cat_price (id, work_id, size_id, price, campaign_id) VALUES (744, 2, 1, 10.00, 13);
INSERT INTO cat_price (id, work_id, size_id, price, campaign_id) VALUES (852, 1, 1, 21.51, 14);
INSERT INTO cat_price (id, work_id, size_id, price, campaign_id) VALUES (856, 2, 2, 62.56, 14);
INSERT INTO cat_price (id, work_id, size_id, price, campaign_id) VALUES (857, 2, 3, 116.00, 14);
INSERT INTO cat_price (id, work_id, size_id, price, campaign_id) VALUES (858, 2, 4, 154.50, 14);
INSERT INTO cat_price (id, work_id, size_id, price, campaign_id) VALUES (859, 3, 1, 24.36, 14);
INSERT INTO cat_price (id, work_id, size_id, price, campaign_id) VALUES (860, 3, 2, 35.96, 14);
INSERT INTO cat_price (id, work_id, size_id, price, campaign_id) VALUES (861, 3, 3, 50.00, 14);
INSERT INTO cat_price (id, work_id, size_id, price, campaign_id) VALUES (862, 3, 4, 68.08, 14);
INSERT INTO cat_price (id, work_id, size_id, price, campaign_id) VALUES (864, 4, 2, 41.85, 14);
INSERT INTO cat_price (id, work_id, size_id, price, campaign_id) VALUES (865, 4, 3, 56.24, 14);
INSERT INTO cat_price (id, work_id, size_id, price, campaign_id) VALUES (866, 4, 4, 115.17, 14);
INSERT INTO cat_price (id, work_id, size_id, price, campaign_id) VALUES (867, 5, 1, 25.68, 14);
INSERT INTO cat_price (id, work_id, size_id, price, campaign_id) VALUES (868, 5, 2, 33.50, 14);
INSERT INTO cat_price (id, work_id, size_id, price, campaign_id) VALUES (869, 5, 3, 40.56, 14);
INSERT INTO cat_price (id, work_id, size_id, price, campaign_id) VALUES (870, 5, 4, 65.50, 14);
INSERT INTO cat_price (id, work_id, size_id, price, campaign_id) VALUES (871, 6, 1, 17.70, 14);
INSERT INTO cat_price (id, work_id, size_id, price, campaign_id) VALUES (872, 6, 2, 28.80, 14);
INSERT INTO cat_price (id, work_id, size_id, price, campaign_id) VALUES (873, 6, 3, 37.58, 14);
INSERT INTO cat_price (id, work_id, size_id, price, campaign_id) VALUES (874, 6, 4, 63.34, 14);
INSERT INTO cat_price (id, work_id, size_id, price, campaign_id) VALUES (875, 7, 1, 51.66, 14);
INSERT INTO cat_price (id, work_id, size_id, price, campaign_id) VALUES (876, 7, 2, 65.58, 14);
INSERT INTO cat_price (id, work_id, size_id, price, campaign_id) VALUES (877, 7, 3, 96.02, 14);
INSERT INTO cat_price (id, work_id, size_id, price, campaign_id) VALUES (878, 7, 4, 96.02, 14);
INSERT INTO cat_price (id, work_id, size_id, price, campaign_id) VALUES (880, 8, 3, 113.40, 14);
INSERT INTO cat_price (id, work_id, size_id, price, campaign_id) VALUES (881, 8, 4, 113.40, 14);
INSERT INTO cat_price (id, work_id, size_id, price, campaign_id) VALUES (882, 9, 1, 17.05, 14);
INSERT INTO cat_price (id, work_id, size_id, price, campaign_id) VALUES (883, 9, 2, 61.55, 14);
INSERT INTO cat_price (id, work_id, size_id, price, campaign_id) VALUES (884, 9, 3, 107.37, 14);
INSERT INTO cat_price (id, work_id, size_id, price, campaign_id) VALUES (885, 9, 4, 151.30, 14);
INSERT INTO cat_price (id, work_id, size_id, price, campaign_id) VALUES (898, 8, 1, 61.21, 14);
INSERT INTO cat_price (id, work_id, size_id, price, campaign_id) VALUES (890, 11, 1, 4.17, 14);
INSERT INTO cat_price (id, work_id, size_id, price, campaign_id) VALUES (854, 1, 3, 10.00, 14);
INSERT INTO cat_price (id, work_id, size_id, price, campaign_id) VALUES (743, 1, 4, 20.00, 13);
INSERT INTO cat_price (id, work_id, size_id, price, campaign_id) VALUES (741, 1, 2, 33.00, 13);

/*
INSERT INTO cat_priority (id, name) VALUES (1, 'Molt urgent');
INSERT INTO cat_priority (id, name) VALUES (2, 'Urgent');
INSERT INTO cat_priority (id, name) VALUES (3, 'Ordinari');

INSERT INTO cat_verify (id, name) VALUES (1, 'Aceptar');
INSERT INTO cat_verify (id, name) VALUES (2, 'Deshacer');
INSERT INTO cat_verify (id, name) VALUES (3, 'Verificar');*/


INSERT INTO exploitation_x_user(expl_id,username)
SELECT expl_id, current_user FROM exploitation;

INSERT INTO selector_campaign(expl_id,username)
SELECT id, current_user FROM cat_campaign;

INSERT INTO selector_species(expl_id,username)
SELECT id, current_user FROM cat_species where isactive = true;

INSERT INTO selector_state(expl_id,username)
VALUES (1, current_user);